location,date,vaccine,total_vaccinations
Hong Kong,2021-03-06,Pfizer/BioNTech,336
Hong Kong,2021-03-07,Pfizer/BioNTech,1207
Hong Kong,2021-03-08,Pfizer/BioNTech,2130
Hong Kong,2021-03-09,Pfizer/BioNTech,3008
Hong Kong,2021-03-10,Pfizer/BioNTech,9028
Hong Kong,2021-03-11,Pfizer/BioNTech,14791
Hong Kong,2021-03-12,Pfizer/BioNTech,21519
Hong Kong,2021-03-13,Pfizer/BioNTech,27845
Hong Kong,2021-03-14,Pfizer/BioNTech,33525
Hong Kong,2021-03-15,Pfizer/BioNTech,39922
Hong Kong,2021-03-16,Pfizer/BioNTech,53021
Hong Kong,2021-03-17,Pfizer/BioNTech,64373
Hong Kong,2021-03-18,Pfizer/BioNTech,75151
Hong Kong,2021-03-19,Pfizer/BioNTech,90960
Hong Kong,2021-03-20,Pfizer/BioNTech,106003
Hong Kong,2021-03-21,Pfizer/BioNTech,120739
Hong Kong,2021-03-22,Pfizer/BioNTech,135824
Hong Kong,2021-03-23,Pfizer/BioNTech,150244
Hong Kong,2021-03-24,Pfizer/BioNTech,151325
Hong Kong,2021-04-04,Pfizer/BioNTech,151983
Hong Kong,2021-04-05,Pfizer/BioNTech,163728
Hong Kong,2021-04-06,Pfizer/BioNTech,193565
Hong Kong,2021-04-07,Pfizer/BioNTech,219537
Hong Kong,2021-04-08,Pfizer/BioNTech,244598
Hong Kong,2021-04-09,Pfizer/BioNTech,274283
Hong Kong,2021-04-10,Pfizer/BioNTech,307577
Hong Kong,2021-04-11,Pfizer/BioNTech,339562
Hong Kong,2021-04-12,Pfizer/BioNTech,370268
Hong Kong,2021-04-13,Pfizer/BioNTech,397767
Hong Kong,2021-04-14,Pfizer/BioNTech,414246
Hong Kong,2021-04-15,Pfizer/BioNTech,428956
Hong Kong,2021-04-16,Pfizer/BioNTech,449247
Hong Kong,2021-04-17,Pfizer/BioNTech,472580
Hong Kong,2021-04-18,Pfizer/BioNTech,492448
Hong Kong,2021-04-19,Pfizer/BioNTech,509676
Hong Kong,2021-04-20,Pfizer/BioNTech,522584
Hong Kong,2021-04-21,Pfizer/BioNTech,534068
Hong Kong,2021-04-22,Pfizer/BioNTech,545794
Hong Kong,2021-04-23,Pfizer/BioNTech,559087
Hong Kong,2021-04-24,Pfizer/BioNTech,576258
Hong Kong,2021-04-25,Pfizer/BioNTech,587133
Hong Kong,2021-04-26,Pfizer/BioNTech,602962
Hong Kong,2021-04-27,Pfizer/BioNTech,618000
Hong Kong,2021-04-28,Pfizer/BioNTech,633053
Hong Kong,2021-04-29,Pfizer/BioNTech,648991
Hong Kong,2021-04-30,Pfizer/BioNTech,672912
Hong Kong,2021-05-01,Pfizer/BioNTech,704170
Hong Kong,2021-05-02,Pfizer/BioNTech,733053
Hong Kong,2021-05-03,Pfizer/BioNTech,761226
Hong Kong,2021-05-04,Pfizer/BioNTech,785884
Hong Kong,2021-05-05,Pfizer/BioNTech,808171
Hong Kong,2021-05-06,Pfizer/BioNTech,830519
Hong Kong,2021-05-07,Pfizer/BioNTech,859910
Hong Kong,2021-05-08,Pfizer/BioNTech,893099
Hong Kong,2021-05-09,Pfizer/BioNTech,923249
Hong Kong,2021-05-10,Pfizer/BioNTech,950164
Hong Kong,2021-05-11,Pfizer/BioNTech,971049
Hong Kong,2021-05-12,Pfizer/BioNTech,989520
Hong Kong,2021-05-13,Pfizer/BioNTech,1007899
Hong Kong,2021-05-14,Pfizer/BioNTech,1031160
Hong Kong,2021-05-15,Pfizer/BioNTech,1060283
Hong Kong,2021-05-16,Pfizer/BioNTech,1081903
Hong Kong,2021-05-17,Pfizer/BioNTech,1101939
Hong Kong,2021-05-18,Pfizer/BioNTech,1118316
Hong Kong,2021-05-19,Pfizer/BioNTech,1129848
Hong Kong,2021-05-20,Pfizer/BioNTech,1144802
Hong Kong,2021-05-21,Pfizer/BioNTech,1165811
Hong Kong,2021-05-22,Pfizer/BioNTech,1192547
Hong Kong,2021-05-23,Pfizer/BioNTech,1213475
Hong Kong,2021-05-24,Pfizer/BioNTech,1231661
Hong Kong,2021-05-25,Pfizer/BioNTech,1246772
Hong Kong,2021-05-26,Pfizer/BioNTech,1261005
Hong Kong,2021-05-27,Pfizer/BioNTech,1276400
Hong Kong,2021-05-28,Pfizer/BioNTech,1298632
Hong Kong,2021-05-29,Pfizer/BioNTech,1326707
Hong Kong,2021-05-30,Pfizer/BioNTech,1349222
Hong Kong,2021-05-31,Pfizer/BioNTech,1369611
Hong Kong,2021-06-01,Pfizer/BioNTech,1386353
Hong Kong,2021-06-02,Pfizer/BioNTech,1402074
Hong Kong,2021-06-03,Pfizer/BioNTech,1420955
Hong Kong,2021-06-04,Pfizer/BioNTech,1447509
Hong Kong,2021-06-05,Pfizer/BioNTech,1480594
Hong Kong,2021-06-06,Pfizer/BioNTech,1506555
Hong Kong,2021-06-07,Pfizer/BioNTech,1529485
Hong Kong,2021-06-08,Pfizer/BioNTech,1547771
Hong Kong,2021-06-09,Pfizer/BioNTech,1563812
Hong Kong,2021-06-10,Pfizer/BioNTech,1584462
Hong Kong,2021-06-11,Pfizer/BioNTech,1614109
Hong Kong,2021-06-12,Pfizer/BioNTech,1649188
Hong Kong,2021-06-13,Pfizer/BioNTech,1677202
Hong Kong,2021-06-14,Pfizer/BioNTech,1697724
Hong Kong,2021-06-15,Pfizer/BioNTech,1720283
Hong Kong,2021-06-16,Pfizer/BioNTech,1739012
Hong Kong,2021-06-17,Pfizer/BioNTech,1759918
Hong Kong,2021-06-18,Pfizer/BioNTech,1790233
Hong Kong,2021-06-19,Pfizer/BioNTech,1824031
Hong Kong,2021-06-20,Pfizer/BioNTech,1849498
Hong Kong,2021-06-21,Pfizer/BioNTech,1876240
Hong Kong,2021-06-22,Pfizer/BioNTech,1897850
Hong Kong,2021-06-23,Pfizer/BioNTech,1920615
Hong Kong,2021-06-24,Pfizer/BioNTech,1948121
Hong Kong,2021-06-25,Pfizer/BioNTech,1983570
Hong Kong,2021-06-26,Pfizer/BioNTech,2021914
Hong Kong,2021-06-27,Pfizer/BioNTech,2056988
Hong Kong,2021-06-28,Pfizer/BioNTech,2087407
Hong Kong,2021-06-29,Pfizer/BioNTech,2118785
Hong Kong,2021-06-30,Pfizer/BioNTech,2154187
Hong Kong,2021-07-01,Pfizer/BioNTech,2188084
Hong Kong,2021-07-02,Pfizer/BioNTech,2230031
Hong Kong,2021-07-03,Pfizer/BioNTech,2269917
Hong Kong,2021-07-04,Pfizer/BioNTech,2307166
Hong Kong,2021-07-05,Pfizer/BioNTech,2344903
Hong Kong,2021-07-06,Pfizer/BioNTech,2379860
Hong Kong,2021-07-07,Pfizer/BioNTech,2413660
Hong Kong,2021-07-08,Pfizer/BioNTech,2452686
Hong Kong,2021-07-09,Pfizer/BioNTech,2495461
Hong Kong,2021-07-10,Pfizer/BioNTech,2537113
Hong Kong,2021-07-11,Pfizer/BioNTech,2576118
Hong Kong,2021-07-12,Pfizer/BioNTech,2616263
Hong Kong,2021-07-13,Pfizer/BioNTech,2653538
Hong Kong,2021-07-14,Pfizer/BioNTech,2690329
Hong Kong,2021-07-15,Pfizer/BioNTech,2730291
Hong Kong,2021-07-16,Pfizer/BioNTech,2773449
Hong Kong,2021-07-17,Pfizer/BioNTech,2815024
Hong Kong,2021-07-18,Pfizer/BioNTech,2854918
Hong Kong,2021-07-19,Pfizer/BioNTech,2896413
Hong Kong,2021-07-20,Pfizer/BioNTech,2936017
Hong Kong,2021-07-21,Pfizer/BioNTech,2976351
Hong Kong,2021-07-22,Pfizer/BioNTech,3018442
Hong Kong,2021-07-23,Pfizer/BioNTech,3063881
Hong Kong,2021-07-24,Pfizer/BioNTech,3107510
Hong Kong,2021-07-25,Pfizer/BioNTech,3149543
Hong Kong,2021-07-26,Pfizer/BioNTech,3193133
Hong Kong,2021-07-27,Pfizer/BioNTech,3236068
Hong Kong,2021-07-28,Pfizer/BioNTech,3277578
Hong Kong,2021-07-29,Pfizer/BioNTech,3320850
Hong Kong,2021-07-30,Pfizer/BioNTech,3365923
Hong Kong,2021-07-31,Pfizer/BioNTech,3410180
Hong Kong,2021-08-01,Pfizer/BioNTech,3452413
Hong Kong,2021-08-02,Pfizer/BioNTech,3496600
Hong Kong,2021-08-03,Pfizer/BioNTech,3540885
Hong Kong,2021-08-04,Pfizer/BioNTech,3585376
Hong Kong,2021-08-05,Pfizer/BioNTech,3631198
Hong Kong,2021-08-06,Pfizer/BioNTech,3678125
Hong Kong,2021-08-07,Pfizer/BioNTech,3723908
Hong Kong,2021-08-08,Pfizer/BioNTech,3767993
Hong Kong,2021-08-09,Pfizer/BioNTech,3814190
Hong Kong,2021-08-10,Pfizer/BioNTech,3860895
Hong Kong,2021-08-11,Pfizer/BioNTech,3907800
Hong Kong,2021-08-12,Pfizer/BioNTech,3954112
Hong Kong,2021-08-13,Pfizer/BioNTech,4001778
Hong Kong,2021-08-14,Pfizer/BioNTech,4048502
Hong Kong,2021-08-15,Pfizer/BioNTech,4092768
Hong Kong,2021-08-16,Pfizer/BioNTech,4138426
Hong Kong,2021-08-17,Pfizer/BioNTech,4182917
Hong Kong,2021-08-18,Pfizer/BioNTech,4226754
Hong Kong,2021-08-19,Pfizer/BioNTech,4269896
Hong Kong,2021-08-20,Pfizer/BioNTech,4314257
Hong Kong,2021-08-21,Pfizer/BioNTech,4357872
Hong Kong,2021-08-22,Pfizer/BioNTech,4398278
Hong Kong,2021-08-23,Pfizer/BioNTech,4439729
Hong Kong,2021-08-24,Pfizer/BioNTech,4480401
Hong Kong,2021-08-25,Pfizer/BioNTech,4520930
Hong Kong,2021-08-26,Pfizer/BioNTech,4563474
Hong Kong,2021-08-27,Pfizer/BioNTech,4607607
Hong Kong,2021-08-28,Pfizer/BioNTech,4651483
Hong Kong,2021-08-29,Pfizer/BioNTech,4692425
Hong Kong,2021-08-30,Pfizer/BioNTech,4735510
Hong Kong,2021-08-31,Pfizer/BioNTech,4776762
Hong Kong,2021-09-01,Pfizer/BioNTech,4811022
Hong Kong,2021-09-02,Pfizer/BioNTech,4843956
Hong Kong,2021-09-03,Pfizer/BioNTech,4883714
Hong Kong,2021-09-04,Pfizer/BioNTech,4926619
Hong Kong,2021-09-05,Pfizer/BioNTech,4962313
Hong Kong,2021-09-06,Pfizer/BioNTech,4992635
Hong Kong,2021-09-07,Pfizer/BioNTech,5019225
Hong Kong,2021-09-08,Pfizer/BioNTech,5045579
Hong Kong,2021-09-09,Pfizer/BioNTech,5074263
Hong Kong,2021-09-10,Pfizer/BioNTech,5110085
Hong Kong,2021-09-11,Pfizer/BioNTech,5150272
Hong Kong,2021-09-12,Pfizer/BioNTech,5179716
Hong Kong,2021-09-13,Pfizer/BioNTech,5202871
Hong Kong,2021-09-14,Pfizer/BioNTech,5221383
Hong Kong,2021-09-15,Pfizer/BioNTech,5239796
Hong Kong,2021-09-16,Pfizer/BioNTech,5259911
Hong Kong,2021-09-17,Pfizer/BioNTech,5285415
Hong Kong,2021-09-18,Pfizer/BioNTech,5315860
Hong Kong,2021-09-19,Pfizer/BioNTech,5334394
Hong Kong,2021-09-20,Pfizer/BioNTech,5349182
Hong Kong,2021-09-21,Pfizer/BioNTech,5360391
Hong Kong,2021-09-22,Pfizer/BioNTech,5373727
Hong Kong,2021-09-23,Pfizer/BioNTech,5394620
Hong Kong,2021-09-24,Pfizer/BioNTech,5419539
Hong Kong,2021-09-25,Pfizer/BioNTech,5448192
Hong Kong,2021-09-26,Pfizer/BioNTech,5466826
Hong Kong,2021-09-27,Pfizer/BioNTech,5482371
Hong Kong,2021-09-28,Pfizer/BioNTech,5494077
Hong Kong,2021-09-29,Pfizer/BioNTech,5508054
Hong Kong,2021-09-30,Pfizer/BioNTech,5528045
Hong Kong,2021-10-01,Pfizer/BioNTech,5540392
Hong Kong,2021-10-02,Pfizer/BioNTech,5555088
Hong Kong,2021-10-03,Pfizer/BioNTech,5564706
Hong Kong,2021-10-04,Pfizer/BioNTech,5573768
Hong Kong,2021-10-05,Pfizer/BioNTech,5580445
Hong Kong,2021-10-06,Pfizer/BioNTech,5586704
Hong Kong,2021-10-07,Pfizer/BioNTech,5594001
Hong Kong,2021-10-08,Pfizer/BioNTech,5602904
Hong Kong,2021-10-10,Pfizer/BioNTech,5616753
Hong Kong,2021-10-11,Pfizer/BioNTech,5623849
Hong Kong,2021-10-12,Pfizer/BioNTech,5627365
Hong Kong,2021-10-14,Pfizer/BioNTech,5635800
Hong Kong,2021-10-15,Pfizer/BioNTech,5646170
Hong Kong,2021-10-16,Pfizer/BioNTech,5658120
Hong Kong,2021-10-17,Pfizer/BioNTech,5664095
Hong Kong,2021-10-18,Pfizer/BioNTech,5670546
Hong Kong,2021-10-19,Pfizer/BioNTech,5675569
Hong Kong,2021-10-20,Pfizer/BioNTech,5680696
Hong Kong,2021-10-21,Pfizer/BioNTech,5686814
Hong Kong,2021-10-22,Pfizer/BioNTech,5695244
Hong Kong,2021-10-23,Pfizer/BioNTech,5704082
Hong Kong,2021-10-24,Pfizer/BioNTech,5708790
Hong Kong,2021-10-25,Pfizer/BioNTech,5714015
Hong Kong,2021-10-26,Pfizer/BioNTech,5718396
Hong Kong,2021-10-27,Pfizer/BioNTech,5722750
Hong Kong,2021-10-28,Pfizer/BioNTech,5727798
Hong Kong,2021-10-29,Pfizer/BioNTech,5733851
Hong Kong,2021-10-30,Pfizer/BioNTech,5738308
Hong Kong,2021-10-31,Pfizer/BioNTech,5742516
Hong Kong,2021-11-01,Pfizer/BioNTech,5746824
Hong Kong,2021-11-02,Pfizer/BioNTech,5750465
Hong Kong,2021-11-03,Pfizer/BioNTech,5750904
Hong Kong,2021-11-04,Pfizer/BioNTech,5755182
Hong Kong,2021-11-05,Pfizer/BioNTech,5760928
Hong Kong,2021-11-06,Pfizer/BioNTech,5768911
Hong Kong,2021-11-07,Pfizer/BioNTech,5773232
Hong Kong,2021-11-08,Pfizer/BioNTech,5777580
Hong Kong,2021-11-09,Pfizer/BioNTech,5781580
Hong Kong,2021-11-10,Pfizer/BioNTech,5782238
Hong Kong,2021-11-11,Pfizer/BioNTech,5797790
Hong Kong,2021-11-12,Pfizer/BioNTech,5809333
Hong Kong,2021-11-13,Pfizer/BioNTech,5822444
Hong Kong,2021-11-14,Pfizer/BioNTech,5830102
Hong Kong,2021-11-15,Pfizer/BioNTech,5838124
Hong Kong,2021-11-16,Pfizer/BioNTech,5845530
Hong Kong,2021-11-17,Pfizer/BioNTech,5846538
Hong Kong,2021-11-18,Pfizer/BioNTech,5855812
Hong Kong,2021-11-19,Pfizer/BioNTech,5865154
Hong Kong,2021-11-20,Pfizer/BioNTech,5876348
Hong Kong,2021-11-21,Pfizer/BioNTech,5883269
Hong Kong,2021-11-22,Pfizer/BioNTech,5890905
Hong Kong,2021-11-23,Pfizer/BioNTech,5899050
Hong Kong,2021-11-24,Pfizer/BioNTech,5900131
Hong Kong,2021-11-25,Pfizer/BioNTech,5910684
Hong Kong,2021-11-26,Pfizer/BioNTech,5921999
Hong Kong,2021-11-27,Pfizer/BioNTech,5936426
Hong Kong,2021-11-28,Pfizer/BioNTech,5946702
Hong Kong,2021-11-29,Pfizer/BioNTech,5956839
Hong Kong,2021-11-30,Pfizer/BioNTech,5967231
Hong Kong,2021-12-01,Pfizer/BioNTech,5968424
Hong Kong,2021-12-02,Pfizer/BioNTech,5977352
Hong Kong,2021-12-03,Pfizer/BioNTech,5987136
Hong Kong,2021-12-04,Pfizer/BioNTech,5998551
Hong Kong,2021-12-05,Pfizer/BioNTech,6006450
Hong Kong,2021-12-06,Pfizer/BioNTech,6014352
Hong Kong,2021-12-07,Pfizer/BioNTech,6021832
Hong Kong,2021-12-08,Pfizer/BioNTech,6022997
Hong Kong,2021-12-09,Pfizer/BioNTech,6031850
Hong Kong,2021-12-10,Pfizer/BioNTech,6040970
Hong Kong,2021-12-11,Pfizer/BioNTech,6051609
Hong Kong,2021-12-12,Pfizer/BioNTech,6059150
Hong Kong,2021-12-13,Pfizer/BioNTech,6066706
Hong Kong,2021-12-14,Pfizer/BioNTech,6073533
Hong Kong,2021-12-15,Pfizer/BioNTech,6074819
Hong Kong,2021-12-16,Pfizer/BioNTech,6083952
Hong Kong,2021-12-17,Pfizer/BioNTech,6092976
Hong Kong,2021-12-18,Pfizer/BioNTech,6103673
Hong Kong,2021-12-19,Pfizer/BioNTech,6111891
Hong Kong,2021-12-20,Pfizer/BioNTech,6119785
Hong Kong,2021-12-21,Pfizer/BioNTech,6126775
Hong Kong,2021-12-22,Pfizer/BioNTech,6128275
Hong Kong,2021-12-23,Pfizer/BioNTech,6137888
Hong Kong,2021-12-24,Pfizer/BioNTech,6146166
Hong Kong,2021-12-25,Pfizer/BioNTech,6153939
Hong Kong,2021-12-26,Pfizer/BioNTech,6161107
Hong Kong,2021-12-27,Pfizer/BioNTech,6168486
Hong Kong,2021-12-28,Pfizer/BioNTech,6180987
Hong Kong,2021-12-29,Pfizer/BioNTech,6183498
Hong Kong,2021-12-30,Pfizer/BioNTech,6192726
Hong Kong,2021-12-31,Pfizer/BioNTech,6200733
Hong Kong,2022-01-01,Pfizer/BioNTech,6212238
Hong Kong,2022-01-02,Pfizer/BioNTech,6226045
Hong Kong,2022-01-03,Pfizer/BioNTech,6244894
Hong Kong,2022-01-04,Pfizer/BioNTech,6264116
Hong Kong,2022-01-05,Pfizer/BioNTech,6283855
Hong Kong,2022-01-06,Pfizer/BioNTech,6303832
Hong Kong,2022-01-07,Pfizer/BioNTech,6324926
Hong Kong,2022-01-08,Pfizer/BioNTech,6342945
Hong Kong,2022-01-09,Pfizer/BioNTech,6360289
Hong Kong,2022-01-10,Pfizer/BioNTech,6381503
Hong Kong,2022-01-11,Pfizer/BioNTech,6402156
Hong Kong,2022-01-12,Pfizer/BioNTech,6422074
Hong Kong,2022-01-13,Pfizer/BioNTech,6444021
Hong Kong,2022-01-14,Pfizer/BioNTech,6467814
Hong Kong,2022-01-15,Pfizer/BioNTech,6487142
Hong Kong,2022-01-16,Pfizer/BioNTech,6505192
Hong Kong,2022-01-17,Pfizer/BioNTech,6526660
Hong Kong,2022-01-18,Pfizer/BioNTech,6547342
Hong Kong,2022-01-19,Pfizer/BioNTech,6567157
Hong Kong,2022-01-20,Pfizer/BioNTech,6588510
Hong Kong,2022-01-21,Pfizer/BioNTech,6615243
Hong Kong,2022-01-22,Pfizer/BioNTech,6638354
Hong Kong,2022-01-23,Pfizer/BioNTech,6661080
Hong Kong,2022-01-24,Pfizer/BioNTech,6688854
Hong Kong,2022-01-25,Pfizer/BioNTech,6716536
Hong Kong,2022-01-26,Pfizer/BioNTech,6746814
Hong Kong,2022-01-27,Pfizer/BioNTech,6778577
Hong Kong,2022-01-28,Pfizer/BioNTech,6811937
Hong Kong,2022-01-29,Pfizer/BioNTech,6840982
Hong Kong,2022-01-30,Pfizer/BioNTech,6868038
Hong Kong,2022-01-31,Pfizer/BioNTech,6869197
Hong Kong,2022-02-02,Pfizer/BioNTech,6869213
Hong Kong,2022-02-03,Pfizer/BioNTech,6887951
Hong Kong,2022-02-04,Pfizer/BioNTech,6922361
Hong Kong,2022-02-05,Pfizer/BioNTech,6950849
Hong Kong,2022-02-06,Pfizer/BioNTech,6979623
Hong Kong,2022-02-07,Pfizer/BioNTech,7015410
Hong Kong,2022-02-08,Pfizer/BioNTech,7051913
Hong Kong,2022-02-09,Pfizer/BioNTech,7088908
Hong Kong,2022-02-10,Pfizer/BioNTech,7125515
Hong Kong,2022-02-11,Pfizer/BioNTech,7166334
Hong Kong,2022-02-12,Pfizer/BioNTech,7201495
Hong Kong,2022-02-13,Pfizer/BioNTech,7234001
Hong Kong,2022-02-14,Pfizer/BioNTech,7272142
Hong Kong,2022-02-15,Pfizer/BioNTech,7310129
Hong Kong,2022-02-16,Pfizer/BioNTech,7351425
Hong Kong,2022-02-17,Pfizer/BioNTech,7392930
Hong Kong,2022-02-18,Pfizer/BioNTech,7438740
Hong Kong,2022-02-19,Pfizer/BioNTech,7477333
Hong Kong,2022-02-20,Pfizer/BioNTech,7513304
Hong Kong,2022-02-21,Pfizer/BioNTech,7553430
Hong Kong,2022-02-22,Pfizer/BioNTech,7591959
Hong Kong,2022-02-23,Pfizer/BioNTech,7634906
Hong Kong,2022-02-24,Pfizer/BioNTech,7679101
Hong Kong,2022-02-25,Pfizer/BioNTech,7724916
Hong Kong,2022-02-26,Pfizer/BioNTech,7770408
Hong Kong,2022-02-27,Pfizer/BioNTech,7811199
Hong Kong,2022-02-28,Pfizer/BioNTech,7857070
Hong Kong,2022-03-01,Pfizer/BioNTech,7901274
Hong Kong,2022-03-02,Pfizer/BioNTech,7944245
Hong Kong,2022-03-03,Pfizer/BioNTech,7990157
Hong Kong,2022-03-04,Pfizer/BioNTech,8039687
Hong Kong,2022-03-05,Pfizer/BioNTech,8087214
Hong Kong,2022-03-06,Pfizer/BioNTech,8129239
Hong Kong,2022-03-07,Pfizer/BioNTech,8173255
Hong Kong,2022-03-08,Pfizer/BioNTech,8215434
Hong Kong,2022-03-09,Pfizer/BioNTech,8255186
Hong Kong,2022-03-10,Pfizer/BioNTech,8295328
Hong Kong,2022-03-11,Pfizer/BioNTech,8337821
Hong Kong,2022-03-12,Pfizer/BioNTech,8377433
Hong Kong,2022-03-13,Pfizer/BioNTech,8412355
Hong Kong,2022-03-14,Pfizer/BioNTech,8447989
Hong Kong,2022-03-15,Pfizer/BioNTech,8482714
Hong Kong,2022-03-16,Pfizer/BioNTech,8516536
Hong Kong,2022-03-17,Pfizer/BioNTech,8551783
Hong Kong,2022-03-18,Pfizer/BioNTech,8588736
Hong Kong,2022-03-19,Pfizer/BioNTech,8623872
Hong Kong,2022-03-20,Pfizer/BioNTech,8654038
Hong Kong,2022-03-21,Pfizer/BioNTech,8688338
Hong Kong,2022-03-22,Pfizer/BioNTech,8721139
Hong Kong,2022-03-23,Pfizer/BioNTech,8751636
Hong Kong,2022-03-24,Pfizer/BioNTech,8783461
Hong Kong,2022-03-25,Pfizer/BioNTech,8818920
Hong Kong,2022-03-26,Pfizer/BioNTech,8852966
Hong Kong,2022-03-27,Pfizer/BioNTech,8879509
Hong Kong,2022-03-28,Pfizer/BioNTech,8904743
Hong Kong,2022-03-29,Pfizer/BioNTech,8926301
Hong Kong,2022-03-30,Pfizer/BioNTech,8945317
Hong Kong,2022-03-31,Pfizer/BioNTech,8966480
Hong Kong,2022-04-01,Pfizer/BioNTech,8991828
Hong Kong,2022-04-02,Pfizer/BioNTech,9017434
Hong Kong,2022-04-03,Pfizer/BioNTech,9034424
Hong Kong,2022-04-04,Pfizer/BioNTech,9052212
Hong Kong,2022-04-05,Pfizer/BioNTech,9062918
Hong Kong,2022-04-06,Pfizer/BioNTech,9077146
Hong Kong,2022-04-07,Pfizer/BioNTech,9091706
Hong Kong,2022-04-08,Pfizer/BioNTech,9112645
Hong Kong,2022-04-09,Pfizer/BioNTech,9133536
Hong Kong,2022-04-10,Pfizer/BioNTech,9147110
Hong Kong,2022-04-11,Pfizer/BioNTech,9164140
Hong Kong,2022-04-12,Pfizer/BioNTech,9178711
Hong Kong,2022-04-13,Pfizer/BioNTech,9195407
Hong Kong,2022-04-14,Pfizer/BioNTech,9217916
Hong Kong,2022-04-15,Pfizer/BioNTech,9239939
Hong Kong,2022-04-16,Pfizer/BioNTech,9257005
Hong Kong,2022-04-17,Pfizer/BioNTech,9271433
Hong Kong,2022-04-18,Pfizer/BioNTech,9283539
Hong Kong,2022-04-19,Pfizer/BioNTech,9296895
Hong Kong,2022-04-20,Pfizer/BioNTech,9308769
Hong Kong,2022-04-21,Pfizer/BioNTech,9321373
Hong Kong,2022-04-22,Pfizer/BioNTech,9337190
Hong Kong,2022-04-23,Pfizer/BioNTech,9352944
Hong Kong,2022-04-24,Pfizer/BioNTech,9363662
Hong Kong,2022-04-25,Pfizer/BioNTech,9375768
Hong Kong,2022-04-26,Pfizer/BioNTech,9386615
Hong Kong,2022-04-27,Pfizer/BioNTech,9397411
Hong Kong,2022-04-28,Pfizer/BioNTech,9413015
Hong Kong,2022-04-29,Pfizer/BioNTech,9433895
Hong Kong,2022-04-30,Pfizer/BioNTech,9458009
Hong Kong,2022-05-01,Pfizer/BioNTech,9474830
Hong Kong,2022-05-02,Pfizer/BioNTech,9486016
Hong Kong,2022-05-03,Pfizer/BioNTech,9500006
Hong Kong,2022-05-04,Pfizer/BioNTech,9512833
Hong Kong,2022-05-05,Pfizer/BioNTech,9530240
Hong Kong,2022-05-06,Pfizer/BioNTech,9553303
Hong Kong,2022-05-07,Pfizer/BioNTech,9577616
Hong Kong,2022-05-08,Pfizer/BioNTech,9595768
Hong Kong,2022-05-09,Pfizer/BioNTech,9608368
Hong Kong,2022-05-10,Pfizer/BioNTech,9624364
Hong Kong,2022-05-11,Pfizer/BioNTech,9637524
Hong Kong,2022-05-12,Pfizer/BioNTech,9653211
Hong Kong,2022-05-13,Pfizer/BioNTech,9674510
Hong Kong,2022-05-14,Pfizer/BioNTech,9696785
Hong Kong,2022-05-15,Pfizer/BioNTech,9712309
Hong Kong,2022-05-16,Pfizer/BioNTech,9729113
Hong Kong,2022-05-17,Pfizer/BioNTech,9743966
Hong Kong,2022-05-18,Pfizer/BioNTech,9759093
Hong Kong,2022-05-19,Pfizer/BioNTech,9776502
Hong Kong,2022-05-20,Pfizer/BioNTech,9802279
Hong Kong,2022-05-21,Pfizer/BioNTech,9829134
Hong Kong,2022-05-22,Pfizer/BioNTech,9849140
Hong Kong,2022-05-23,Pfizer/BioNTech,9869249
Hong Kong,2022-05-24,Pfizer/BioNTech,9886207
Hong Kong,2022-05-25,Pfizer/BioNTech,9904085
Hong Kong,2022-05-26,Pfizer/BioNTech,9926160
Hong Kong,2022-05-27,Pfizer/BioNTech,9956059
Hong Kong,2022-05-28,Pfizer/BioNTech,9988067
Hong Kong,2022-05-29,Pfizer/BioNTech,10016980
Hong Kong,2022-05-30,Pfizer/BioNTech,10051212
Hong Kong,2022-05-31,Pfizer/BioNTech,10087449
Hong Kong,2022-06-01,Pfizer/BioNTech,10108321
Hong Kong,2022-06-02,Pfizer/BioNTech,10130254
Hong Kong,2022-06-03,Pfizer/BioNTech,10148076
Hong Kong,2022-06-04,Pfizer/BioNTech,10173042
Hong Kong,2022-06-05,Pfizer/BioNTech,10192032
Hong Kong,2022-06-06,Pfizer/BioNTech,10206325
Hong Kong,2022-06-07,Pfizer/BioNTech,10216982
Hong Kong,2022-06-08,Pfizer/BioNTech,10225766
Hong Kong,2022-06-09,Pfizer/BioNTech,10234238
Hong Kong,2022-06-10,Pfizer/BioNTech,10245454
Hong Kong,2022-06-11,Pfizer/BioNTech,10259262
Hong Kong,2022-06-12,Pfizer/BioNTech,10267997
Hong Kong,2022-06-13,Pfizer/BioNTech,10275982
Hong Kong,2022-06-14,Pfizer/BioNTech,10282300
Hong Kong,2022-06-15,Pfizer/BioNTech,10289098
Hong Kong,2022-06-16,Pfizer/BioNTech,10296007
Hong Kong,2022-06-17,Pfizer/BioNTech,10304633
Hong Kong,2022-06-18,Pfizer/BioNTech,10314476
Hong Kong,2022-06-19,Pfizer/BioNTech,10320579
Hong Kong,2022-06-20,Pfizer/BioNTech,10326934
Hong Kong,2022-06-21,Pfizer/BioNTech,10332106
Hong Kong,2022-06-22,Pfizer/BioNTech,10336931
Hong Kong,2022-06-23,Pfizer/BioNTech,10341918
Hong Kong,2022-06-24,Pfizer/BioNTech,10348189
Hong Kong,2022-06-25,Pfizer/BioNTech,10355529
Hong Kong,2022-06-26,Pfizer/BioNTech,10360157
Hong Kong,2022-06-27,Pfizer/BioNTech,10364907
Hong Kong,2022-06-28,Pfizer/BioNTech,10369175
Hong Kong,2022-06-29,Pfizer/BioNTech,10373579
Hong Kong,2022-06-30,Pfizer/BioNTech,10380118
Hong Kong,2022-07-01,Pfizer/BioNTech,10384913
Hong Kong,2022-07-02,Pfizer/BioNTech,10384920
Hong Kong,2022-07-03,Pfizer/BioNTech,10390732
Hong Kong,2022-07-04,Pfizer/BioNTech,10395255
Hong Kong,2022-07-05,Pfizer/BioNTech,10399383
Hong Kong,2022-07-06,Pfizer/BioNTech,10403278
Hong Kong,2022-07-07,Pfizer/BioNTech,10407295
Hong Kong,2022-07-08,Pfizer/BioNTech,10413038
Hong Kong,2022-07-09,Pfizer/BioNTech,10419366
Hong Kong,2022-07-10,Pfizer/BioNTech,10423130
Hong Kong,2022-07-11,Pfizer/BioNTech,10427459
Hong Kong,2022-07-12,Pfizer/BioNTech,10431396
Hong Kong,2022-07-13,Pfizer/BioNTech,10435286
Hong Kong,2022-07-14,Pfizer/BioNTech,10439245
Hong Kong,2022-07-15,Pfizer/BioNTech,10445050
Hong Kong,2022-07-16,Pfizer/BioNTech,10451329
Hong Kong,2022-07-17,Pfizer/BioNTech,10455171
Hong Kong,2022-07-18,Pfizer/BioNTech,10459556
Hong Kong,2022-07-19,Pfizer/BioNTech,10463379
Hong Kong,2022-07-20,Pfizer/BioNTech,10467291
Hong Kong,2022-07-21,Pfizer/BioNTech,10471315
Hong Kong,2022-07-22,Pfizer/BioNTech,10477166
Hong Kong,2022-07-23,Pfizer/BioNTech,10483592
Hong Kong,2022-07-24,Pfizer/BioNTech,10487410
Hong Kong,2022-07-25,Pfizer/BioNTech,10492173
Hong Kong,2022-07-26,Pfizer/BioNTech,10496334
Hong Kong,2022-07-27,Pfizer/BioNTech,10500867
Hong Kong,2022-07-28,Pfizer/BioNTech,10505531
Hong Kong,2022-07-29,Pfizer/BioNTech,10511593
Hong Kong,2022-07-30,Pfizer/BioNTech,10518683
Hong Kong,2022-07-31,Pfizer/BioNTech,10523026
Hong Kong,2022-08-01,Pfizer/BioNTech,10528001
Hong Kong,2022-08-02,Pfizer/BioNTech,10532617
Hong Kong,2022-08-03,Pfizer/BioNTech,10537733
Hong Kong,2022-08-04,Pfizer/BioNTech,10543305
Hong Kong,2022-08-05,Pfizer/BioNTech,10551128
Hong Kong,2022-08-06,Pfizer/BioNTech,10560862
Hong Kong,2022-08-07,Pfizer/BioNTech,10567219
Hong Kong,2022-08-08,Pfizer/BioNTech,10574774
Hong Kong,2022-08-09,Pfizer/BioNTech,10580536
Hong Kong,2022-08-10,Pfizer/BioNTech,10585926
Hong Kong,2022-08-11,Pfizer/BioNTech,10591925
Hong Kong,2022-08-12,Pfizer/BioNTech,10600185
Hong Kong,2022-08-13,Pfizer/BioNTech,10610438
Hong Kong,2022-08-14,Pfizer/BioNTech,10617460
Hong Kong,2022-08-15,Pfizer/BioNTech,10625415
Hong Kong,2022-08-16,Pfizer/BioNTech,10632387
Hong Kong,2022-08-17,Pfizer/BioNTech,10638784
Hong Kong,2022-08-18,Pfizer/BioNTech,10646151
Hong Kong,2022-08-19,Pfizer/BioNTech,10654679
Hong Kong,2022-08-20,Pfizer/BioNTech,10665702
Hong Kong,2022-08-21,Pfizer/BioNTech,10673402
Hong Kong,2022-08-22,Pfizer/BioNTech,10681252
Hong Kong,2022-08-23,Pfizer/BioNTech,10688678
Hong Kong,2022-08-24,Pfizer/BioNTech,10696062
Hong Kong,2022-08-25,Pfizer/BioNTech,10700377
Hong Kong,2022-08-26,Pfizer/BioNTech,10710503
Hong Kong,2022-08-27,Pfizer/BioNTech,10724081
Hong Kong,2022-08-28,Pfizer/BioNTech,10734602
Hong Kong,2022-08-29,Pfizer/BioNTech,10745285
Hong Kong,2022-08-30,Pfizer/BioNTech,10754849
Hong Kong,2022-08-31,Pfizer/BioNTech,10764004
Hong Kong,2022-09-01,Pfizer/BioNTech,10775267
Hong Kong,2022-09-02,Pfizer/BioNTech,10789821
Hong Kong,2022-09-03,Pfizer/BioNTech,10808226
Hong Kong,2022-09-04,Pfizer/BioNTech,10820473
Hong Kong,2022-09-05,Pfizer/BioNTech,10833073
Hong Kong,2022-09-06,Pfizer/BioNTech,10844334
Hong Kong,2022-09-07,Pfizer/BioNTech,10855170
Hong Kong,2022-09-08,Pfizer/BioNTech,10866698
Hong Kong,2022-09-09,Pfizer/BioNTech,10881827
Hong Kong,2022-09-10,Pfizer/BioNTech,10899173
Hong Kong,2022-09-11,Pfizer/BioNTech,10913500
Hong Kong,2022-09-12,Pfizer/BioNTech,10922883
Hong Kong,2022-09-13,Pfizer/BioNTech,10935678
Hong Kong,2022-09-14,Pfizer/BioNTech,10946613
Hong Kong,2022-09-15,Pfizer/BioNTech,10957422
Hong Kong,2022-09-16,Pfizer/BioNTech,10970494
Hong Kong,2022-09-17,Pfizer/BioNTech,10987069
Hong Kong,2022-09-18,Pfizer/BioNTech,10996660
Hong Kong,2022-09-19,Pfizer/BioNTech,11006041
Hong Kong,2022-09-20,Pfizer/BioNTech,11013788
Hong Kong,2022-09-21,Pfizer/BioNTech,11020949
Hong Kong,2022-09-22,Pfizer/BioNTech,11028196
Hong Kong,2022-09-23,Pfizer/BioNTech,11038048
Hong Kong,2022-09-24,Pfizer/BioNTech,11051053
Hong Kong,2022-09-25,Pfizer/BioNTech,11058117
Hong Kong,2022-09-26,Pfizer/BioNTech,11064798
Hong Kong,2022-09-27,Pfizer/BioNTech,11070452
Hong Kong,2022-09-28,Pfizer/BioNTech,11076544
Hong Kong,2022-09-29,Pfizer/BioNTech,11083103
Hong Kong,2022-09-30,Pfizer/BioNTech,11096039
Hong Kong,2022-10-01,Pfizer/BioNTech,11113166
Hong Kong,2022-10-02,Pfizer/BioNTech,11123010
Hong Kong,2022-10-03,Pfizer/BioNTech,11133120
Hong Kong,2022-10-04,Pfizer/BioNTech,11138469
Hong Kong,2022-10-05,Pfizer/BioNTech,11144382
Hong Kong,2022-10-06,Pfizer/BioNTech,11149979
Hong Kong,2022-10-07,Pfizer/BioNTech,11157130
Hong Kong,2022-10-08,Pfizer/BioNTech,11165737
Hong Kong,2022-10-09,Pfizer/BioNTech,11170284
Hong Kong,2022-10-10,Pfizer/BioNTech,11175953
Hong Kong,2022-10-11,Pfizer/BioNTech,11180565
Hong Kong,2022-10-12,Pfizer/BioNTech,11185203
Hong Kong,2022-10-13,Pfizer/BioNTech,11189548
Hong Kong,2022-10-14,Pfizer/BioNTech,11195291
Hong Kong,2022-10-15,Pfizer/BioNTech,11202171
Hong Kong,2022-10-16,Pfizer/BioNTech,11206038
Hong Kong,2022-10-17,Pfizer/BioNTech,11210126
Hong Kong,2022-10-18,Pfizer/BioNTech,11213407
Hong Kong,2022-10-19,Pfizer/BioNTech,11216917
Hong Kong,2022-10-20,Pfizer/BioNTech,11220418
Hong Kong,2022-10-21,Pfizer/BioNTech,11224857
Hong Kong,2022-10-22,Pfizer/BioNTech,11230193
Hong Kong,2022-10-23,Pfizer/BioNTech,11233006
Hong Kong,2022-10-24,Pfizer/BioNTech,11236197
Hong Kong,2022-10-25,Pfizer/BioNTech,11239006
Hong Kong,2022-10-26,Pfizer/BioNTech,11241966
Hong Kong,2022-10-27,Pfizer/BioNTech,11244812
Hong Kong,2022-10-28,Pfizer/BioNTech,11248970
Hong Kong,2022-10-29,Pfizer/BioNTech,11253783
Hong Kong,2022-10-30,Pfizer/BioNTech,11256480
Hong Kong,2022-10-31,Pfizer/BioNTech,11259425
Hong Kong,2022-11-01,Pfizer/BioNTech,11261828
Hong Kong,2022-11-02,Pfizer/BioNTech,11262512
Hong Kong,2022-11-03,Pfizer/BioNTech,11265186
Hong Kong,2022-11-04,Pfizer/BioNTech,11268463
Hong Kong,2022-11-05,Pfizer/BioNTech,11272440
Hong Kong,2022-11-06,Pfizer/BioNTech,11274452
Hong Kong,2022-11-07,Pfizer/BioNTech,11277055
Hong Kong,2022-11-08,Pfizer/BioNTech,11279219
Hong Kong,2022-11-09,Pfizer/BioNTech,11281612
Hong Kong,2022-11-10,Pfizer/BioNTech,11283943
Hong Kong,2022-11-11,Pfizer/BioNTech,11287106
Hong Kong,2022-11-12,Pfizer/BioNTech,11290773
Hong Kong,2022-11-13,Pfizer/BioNTech,11292817
Hong Kong,2022-11-14,Pfizer/BioNTech,11295231
Hong Kong,2022-11-15,Pfizer/BioNTech,11297270
Hong Kong,2022-11-16,Pfizer/BioNTech,11299300
Hong Kong,2022-11-17,Pfizer/BioNTech,11301316
Hong Kong,2022-11-18,Pfizer/BioNTech,11304015
Hong Kong,2022-11-19,Pfizer/BioNTech,11307012
Hong Kong,2022-11-20,Pfizer/BioNTech,11308776
Hong Kong,2022-11-21,Pfizer/BioNTech,11310642
Hong Kong,2022-11-22,Pfizer/BioNTech,11312341
Hong Kong,2022-11-23,Pfizer/BioNTech,11314022
Hong Kong,2022-11-24,Pfizer/BioNTech,11315666
Hong Kong,2022-11-25,Pfizer/BioNTech,11317962
Hong Kong,2022-11-26,Pfizer/BioNTech,11320748
Hong Kong,2022-11-27,Pfizer/BioNTech,11322318
Hong Kong,2022-11-28,Pfizer/BioNTech,11324130
Hong Kong,2022-11-29,Pfizer/BioNTech,11325607
Hong Kong,2022-11-30,Pfizer/BioNTech,11327497
Hong Kong,2022-12-01,Pfizer/BioNTech,11335248
Hong Kong,2022-12-02,Pfizer/BioNTech,11343368
Hong Kong,2022-12-03,Pfizer/BioNTech,11352836
Hong Kong,2022-12-04,Pfizer/BioNTech,11358422
Hong Kong,2022-12-05,Pfizer/BioNTech,11366498
Hong Kong,2022-12-06,Pfizer/BioNTech,11372984
Hong Kong,2022-12-07,Pfizer/BioNTech,11379213
Hong Kong,2022-12-08,Pfizer/BioNTech,11385655
Hong Kong,2022-12-09,Pfizer/BioNTech,11394130
Hong Kong,2022-12-10,Pfizer/BioNTech,11402840
Hong Kong,2022-12-11,Pfizer/BioNTech,11407761
Hong Kong,2022-12-12,Pfizer/BioNTech,11415531
Hong Kong,2022-12-13,Pfizer/BioNTech,11421527
Hong Kong,2022-12-14,Pfizer/BioNTech,11427400
Hong Kong,2022-12-15,Pfizer/BioNTech,11432862
Hong Kong,2022-12-16,Pfizer/BioNTech,11443195
Hong Kong,2022-12-17,Pfizer/BioNTech,11451695
Hong Kong,2022-12-18,Pfizer/BioNTech,11456609
Hong Kong,2022-12-19,Pfizer/BioNTech,11464785
Hong Kong,2022-12-20,Pfizer/BioNTech,11471943
Hong Kong,2022-12-21,Pfizer/BioNTech,11479265
Hong Kong,2022-12-22,Pfizer/BioNTech,11485868
Hong Kong,2022-12-23,Pfizer/BioNTech,11495562
Hong Kong,2022-12-24,Pfizer/BioNTech,11503827
Hong Kong,2022-12-25,Pfizer/BioNTech,11509699
Hong Kong,2022-12-26,Pfizer/BioNTech,11515822
Hong Kong,2022-12-27,Pfizer/BioNTech,11522038
Hong Kong,2022-12-28,Pfizer/BioNTech,11536717
Hong Kong,2022-12-29,Pfizer/BioNTech,11551505
Hong Kong,2022-12-30,Pfizer/BioNTech,11567361
Hong Kong,2022-12-31,Pfizer/BioNTech,11580725
Hong Kong,2023-01-01,Pfizer/BioNTech,11589708
Hong Kong,2023-01-02,Pfizer/BioNTech,11598126
Hong Kong,2023-01-03,Pfizer/BioNTech,11613503
Hong Kong,2023-01-04,Pfizer/BioNTech,11627694
Hong Kong,2023-01-05,Pfizer/BioNTech,11641731
Hong Kong,2023-01-06,Pfizer/BioNTech,11656873
Hong Kong,2023-01-07,Pfizer/BioNTech,11671055
Hong Kong,2023-01-08,Pfizer/BioNTech,11680310
Hong Kong,2023-01-09,Pfizer/BioNTech,11693605
Hong Kong,2023-01-10,Pfizer/BioNTech,11705443
Hong Kong,2023-01-11,Pfizer/BioNTech,11716576
Hong Kong,2023-01-12,Pfizer/BioNTech,11727805
Hong Kong,2023-01-13,Pfizer/BioNTech,11739792
Hong Kong,2023-01-14,Pfizer/BioNTech,11750528
Hong Kong,2023-01-15,Pfizer/BioNTech,11757323
Hong Kong,2023-01-16,Pfizer/BioNTech,11765811
Hong Kong,2023-01-17,Pfizer/BioNTech,11772582
Hong Kong,2023-01-18,Pfizer/BioNTech,11778518
Hong Kong,2023-01-19,Pfizer/BioNTech,11783890
Hong Kong,2023-01-20,Pfizer/BioNTech,11789132
Hong Kong,2023-01-24,Pfizer/BioNTech,11790708
Hong Kong,2023-01-25,Pfizer/BioNTech,11790870
Hong Kong,2023-01-26,Pfizer/BioNTech,11795527
Hong Kong,2023-01-27,Pfizer/BioNTech,11799363
Hong Kong,2023-01-28,Pfizer/BioNTech,11803027
Hong Kong,2023-01-29,Pfizer/BioNTech,11804906
Hong Kong,2023-01-30,Pfizer/BioNTech,11808209
Hong Kong,2023-01-31,Pfizer/BioNTech,11810758
Hong Kong,2023-02-01,Pfizer/BioNTech,11813447
Hong Kong,2023-02-02,Pfizer/BioNTech,11815794
Hong Kong,2023-02-03,Pfizer/BioNTech,11818703
Hong Kong,2023-02-04,Pfizer/BioNTech,11821607
Hong Kong,2023-02-05,Pfizer/BioNTech,11822764
Hong Kong,2023-02-06,Pfizer/BioNTech,11825207
Hong Kong,2023-02-07,Pfizer/BioNTech,11827038
Hong Kong,2023-02-08,Pfizer/BioNTech,11828934
Hong Kong,2023-02-09,Pfizer/BioNTech,11830626
Hong Kong,2023-02-10,Pfizer/BioNTech,11832894
Hong Kong,2023-02-11,Pfizer/BioNTech,11835326
Hong Kong,2023-02-12,Pfizer/BioNTech,11836387
Hong Kong,2023-02-13,Pfizer/BioNTech,11838380
Hong Kong,2023-02-14,Pfizer/BioNTech,11839883
Hong Kong,2023-02-15,Pfizer/BioNTech,11841480
Hong Kong,2023-02-16,Pfizer/BioNTech,11842977
Hong Kong,2023-02-17,Pfizer/BioNTech,11844837
Hong Kong,2023-02-18,Pfizer/BioNTech,11846765
Hong Kong,2023-02-19,Pfizer/BioNTech,11847585
Hong Kong,2023-02-20,Pfizer/BioNTech,11849234
Hong Kong,2023-02-21,Pfizer/BioNTech,11850571
Hong Kong,2023-02-22,Pfizer/BioNTech,11851875
Hong Kong,2023-02-23,Pfizer/BioNTech,11853238
Hong Kong,2023-02-24,Pfizer/BioNTech,11854826
Hong Kong,2023-02-25,Pfizer/BioNTech,11856647
Hong Kong,2023-02-26,Pfizer/BioNTech,11857492
Hong Kong,2023-02-27,Pfizer/BioNTech,11858879
Hong Kong,2023-02-28,Pfizer/BioNTech,11860131
Hong Kong,2023-03-01,Pfizer/BioNTech,11861332
Hong Kong,2023-03-02,Pfizer/BioNTech,11862463
Hong Kong,2023-03-03,Pfizer/BioNTech,11863906
Hong Kong,2023-03-04,Pfizer/BioNTech,11865308
Hong Kong,2023-03-05,Pfizer/BioNTech,11865905
Hong Kong,2023-03-06,Pfizer/BioNTech,11867160
Hong Kong,2023-03-07,Pfizer/BioNTech,11868152
Hong Kong,2023-03-08,Pfizer/BioNTech,11869107
Hong Kong,2023-03-09,Pfizer/BioNTech,11869982
Hong Kong,2023-03-10,Pfizer/BioNTech,11871181
Hong Kong,2023-03-11,Pfizer/BioNTech,11872288
Hong Kong,2023-03-12,Pfizer/BioNTech,11872652
Hong Kong,2023-03-13,Pfizer/BioNTech,11873610
Hong Kong,2023-03-14,Pfizer/BioNTech,11874278
Hong Kong,2023-03-15,Pfizer/BioNTech,11875016
Hong Kong,2023-03-16,Pfizer/BioNTech,11875694
Hong Kong,2023-03-17,Pfizer/BioNTech,11876615
Hong Kong,2023-03-18,Pfizer/BioNTech,11877450
Hong Kong,2023-03-19,Pfizer/BioNTech,11877746
Hong Kong,2023-03-20,Pfizer/BioNTech,11878556
Hong Kong,2023-03-21,Pfizer/BioNTech,11879245
Hong Kong,2023-03-22,Pfizer/BioNTech,11879787
Hong Kong,2023-03-23,Pfizer/BioNTech,11880452
Hong Kong,2023-03-24,Pfizer/BioNTech,11881189
Hong Kong,2023-03-25,Pfizer/BioNTech,11881825
Hong Kong,2023-03-26,Pfizer/BioNTech,11882057
Hong Kong,2023-03-27,Pfizer/BioNTech,11882700
Hong Kong,2023-03-28,Pfizer/BioNTech,11883263
Hong Kong,2023-03-29,Pfizer/BioNTech,11883815
Hong Kong,2023-03-30,Pfizer/BioNTech,11884616
Hong Kong,2023-03-31,Pfizer/BioNTech,11885426
Hong Kong,2023-04-01,Pfizer/BioNTech,11886515
Hong Kong,2023-04-02,Pfizer/BioNTech,11887073
Hong Kong,2023-04-03,Pfizer/BioNTech,11888690
Hong Kong,2023-04-04,Pfizer/BioNTech,11889968
Hong Kong,2023-04-05,Pfizer/BioNTech,11890471
Hong Kong,2023-04-06,Pfizer/BioNTech,11891929
Hong Kong,2023-04-07,Pfizer/BioNTech,11892508
Hong Kong,2023-04-08,Pfizer/BioNTech,11892868
Hong Kong,2023-04-09,Pfizer/BioNTech,11893199
Hong Kong,2023-04-10,Pfizer/BioNTech,11893544
Hong Kong,2023-04-11,Pfizer/BioNTech,11894774
Hong Kong,2023-04-12,Pfizer/BioNTech,11895762
Hong Kong,2023-04-13,Pfizer/BioNTech,11896722
Hong Kong,2023-04-14,Pfizer/BioNTech,11897820
Hong Kong,2023-04-15,Pfizer/BioNTech,11899000
Hong Kong,2023-04-16,Pfizer/BioNTech,11899346
Hong Kong,2023-04-17,Pfizer/BioNTech,11900399
Hong Kong,2023-04-18,Pfizer/BioNTech,11901383
Hong Kong,2023-04-19,Pfizer/BioNTech,11902455
Hong Kong,2023-04-20,Pfizer/BioNTech,11903410
Hong Kong,2023-04-21,Pfizer/BioNTech,11904582
Hong Kong,2023-04-22,Pfizer/BioNTech,11905424
Hong Kong,2023-04-23,Pfizer/BioNTech,11905744
Hong Kong,2023-04-24,Pfizer/BioNTech,11906851
Hong Kong,2023-04-25,Pfizer/BioNTech,11907756
Hong Kong,2023-04-26,Pfizer/BioNTech,11908594
Hong Kong,2023-04-27,Pfizer/BioNTech,11909423
Hong Kong,2023-04-28,Pfizer/BioNTech,11910374
Hong Kong,2023-04-29,Pfizer/BioNTech,11911145
Hong Kong,2023-04-30,Pfizer/BioNTech,11911450
Hong Kong,2023-05-01,Pfizer/BioNTech,11911715
Hong Kong,2023-05-02,Pfizer/BioNTech,11912351
Hong Kong,2023-05-03,Pfizer/BioNTech,11912919
Hong Kong,2023-05-04,Pfizer/BioNTech,11913498
Hong Kong,2023-05-05,Pfizer/BioNTech,11914224
Hong Kong,2023-05-06,Pfizer/BioNTech,11914760
Hong Kong,2023-05-07,Pfizer/BioNTech,11914909
Hong Kong,2023-05-08,Pfizer/BioNTech,11915457
Hong Kong,2023-05-09,Pfizer/BioNTech,11915993
Hong Kong,2023-05-10,Pfizer/BioNTech,11916519
Hong Kong,2023-05-11,Pfizer/BioNTech,11917196
Hong Kong,2023-05-12,Pfizer/BioNTech,11917914
Hong Kong,2023-05-13,Pfizer/BioNTech,11918527
Hong Kong,2023-05-14,Pfizer/BioNTech,11918851
Hong Kong,2023-05-15,Pfizer/BioNTech,11919825
Hong Kong,2023-05-16,Pfizer/BioNTech,11920437
Hong Kong,2023-05-17,Pfizer/BioNTech,11920995
Hong Kong,2023-05-18,Pfizer/BioNTech,11921579
Hong Kong,2023-05-19,Pfizer/BioNTech,11922224
Hong Kong,2023-05-20,Pfizer/BioNTech,11922724
Hong Kong,2023-05-22,Pfizer/BioNTech,11923669
Hong Kong,2023-05-23,Pfizer/BioNTech,11924378
Hong Kong,2023-05-24,Pfizer/BioNTech,11925022
Hong Kong,2023-05-25,Pfizer/BioNTech,11925840
Hong Kong,2023-05-26,Pfizer/BioNTech,11926135
Hong Kong,2023-05-27,Pfizer/BioNTech,11926652
Hong Kong,2023-05-28,Pfizer/BioNTech,11926779
Hong Kong,2023-05-29,Pfizer/BioNTech,11927454
Hong Kong,2023-05-30,Pfizer/BioNTech,11928030
Hong Kong,2023-05-31,Pfizer/BioNTech,11928673
Hong Kong,2023-06-01,Pfizer/BioNTech,11929107
Hong Kong,2023-06-02,Pfizer/BioNTech,11929595
Hong Kong,2023-06-03,Pfizer/BioNTech,11929905
Hong Kong,2023-06-05,Pfizer/BioNTech,11930470
Hong Kong,2023-06-06,Pfizer/BioNTech,11930917
Hong Kong,2023-06-07,Pfizer/BioNTech,11931293
Hong Kong,2023-06-08,Pfizer/BioNTech,11931711
Hong Kong,2023-06-09,Pfizer/BioNTech,11932155
Hong Kong,2023-06-10,Pfizer/BioNTech,11932446
Hong Kong,2023-06-12,Pfizer/BioNTech,11932916
Hong Kong,2023-06-13,Pfizer/BioNTech,11933263
Hong Kong,2023-06-14,Pfizer/BioNTech,11933593
Hong Kong,2023-06-15,Pfizer/BioNTech,11933958
Hong Kong,2023-06-16,Pfizer/BioNTech,11934311
Hong Kong,2023-06-17,Pfizer/BioNTech,11934559
Hong Kong,2023-06-18,Pfizer/BioNTech,11934591
Hong Kong,2023-06-19,Pfizer/BioNTech,11935060
Hong Kong,2023-06-20,Pfizer/BioNTech,11935465
Hong Kong,2023-06-21,Pfizer/BioNTech,11935875
Hong Kong,2023-06-23,Pfizer/BioNTech,11936339
Hong Kong,2023-06-24,Pfizer/BioNTech,11936582
Hong Kong,2023-06-26,Pfizer/BioNTech,11937013
Hong Kong,2023-06-28,Pfizer/BioNTech,11937721
Hong Kong,2023-06-29,Pfizer/BioNTech,11938178
Hong Kong,2023-06-30,Pfizer/BioNTech,11938660
Hong Kong,2023-07-03,Pfizer/BioNTech,11939149
Hong Kong,2023-07-05,Pfizer/BioNTech,11939837
Hong Kong,2023-07-06,Pfizer/BioNTech,11940213
Hong Kong,2023-07-07,Pfizer/BioNTech,11940572
Hong Kong,2023-07-08,Pfizer/BioNTech,11940834
Hong Kong,2023-07-10,Pfizer/BioNTech,11941282
Hong Kong,2023-07-11,Pfizer/BioNTech,11941618
Hong Kong,2023-07-12,Pfizer/BioNTech,11941921
Hong Kong,2023-07-13,Pfizer/BioNTech,11942256
Hong Kong,2023-07-14,Pfizer/BioNTech,11942601
Hong Kong,2023-07-15,Pfizer/BioNTech,11942826
Hong Kong,2023-07-19,Pfizer/BioNTech,11943442
Hong Kong,2023-07-20,Pfizer/BioNTech,11943740
Hong Kong,2023-07-21,Pfizer/BioNTech,11944038
Hong Kong,2023-07-22,Pfizer/BioNTech,11944196
Hong Kong,2023-07-24,Pfizer/BioNTech,11944516
Hong Kong,2023-07-25,Pfizer/BioNTech,11944755
Hong Kong,2023-07-26,Pfizer/BioNTech,11944959
Hong Kong,2023-07-27,Pfizer/BioNTech,11945190
Hong Kong,2023-07-28,Pfizer/BioNTech,11945402
Hong Kong,2023-07-31,Pfizer/BioNTech,11945765
Hong Kong,2023-08-01,Pfizer/BioNTech,11945962
Hong Kong,2023-08-02,Pfizer/BioNTech,11946153
Hong Kong,2023-08-03,Pfizer/BioNTech,11946432
Hong Kong,2023-08-04,Pfizer/BioNTech,11946605
Hong Kong,2023-08-05,Pfizer/BioNTech,11946732
Hong Kong,2023-08-08,Pfizer/BioNTech,11947156
Hong Kong,2023-08-10,Pfizer/BioNTech,11947539
Hong Kong,2023-08-11,Pfizer/BioNTech,11947755
Hong Kong,2023-08-12,Pfizer/BioNTech,11947884
Hong Kong,2023-08-16,Pfizer/BioNTech,11948641
Hong Kong,2023-08-19,Pfizer/BioNTech,11949173
Hong Kong,2023-08-21,Pfizer/BioNTech,11949377
Hong Kong,2023-08-22,Pfizer/BioNTech,11949576
Hong Kong,2023-08-23,Pfizer/BioNTech,11949764
Hong Kong,2023-08-24,Pfizer/BioNTech,11949983
Hong Kong,2023-08-25,Pfizer/BioNTech,11950135
Hong Kong,2023-08-26,Pfizer/BioNTech,11950254
Hong Kong,2023-08-28,Pfizer/BioNTech,11950425
Hong Kong,2023-08-29,Pfizer/BioNTech,11950593
Hong Kong,2023-08-30,Pfizer/BioNTech,11950751
Hong Kong,2023-08-31,Pfizer/BioNTech,11950933
Hong Kong,2023-09-05,Pfizer/BioNTech,11951288
Hong Kong,2023-09-11,Pfizer/BioNTech,11952119
Hong Kong,2023-09-12,Pfizer/BioNTech,11952337
Hong Kong,2023-09-16,Pfizer/BioNTech,11953085
Hong Kong,2023-09-18,Pfizer/BioNTech,11953270
Hong Kong,2023-09-28,Pfizer/BioNTech,11955011
Hong Kong,2023-10-07,Pfizer/BioNTech,11956626
Hong Kong,2023-10-17,Pfizer/BioNTech,11959106
Hong Kong,2023-10-19,Pfizer/BioNTech,11959969
Hong Kong,2023-10-20,Pfizer/BioNTech,11960448
Hong Kong,2023-10-27,Pfizer/BioNTech,11963129
Hong Kong,2023-10-28,Pfizer/BioNTech,11963425
Hong Kong,2023-10-30,Pfizer/BioNTech,11963917
Hong Kong,2023-11-01,Pfizer/BioNTech,11964651
Hong Kong,2023-11-03,Pfizer/BioNTech,11965627
Hong Kong,2023-11-04,Pfizer/BioNTech,11965893
Hong Kong,2023-11-06,Pfizer/BioNTech,11966342
Hong Kong,2023-11-08,Pfizer/BioNTech,11967077
Hong Kong,2023-11-10,Pfizer/BioNTech,11967815
Hong Kong,2023-11-11,Pfizer/BioNTech,11968046
Hong Kong,2023-11-16,Pfizer/BioNTech,11969462
Hong Kong,2023-11-18,Pfizer/BioNTech,11969980
Hong Kong,2023-11-21,Pfizer/BioNTech,11970612
Hong Kong,2023-11-25,Pfizer/BioNTech,11971652
Hong Kong,2023-11-30,Pfizer/BioNTech,11972784
Hong Kong,2023-12-01,Pfizer/BioNTech,11973060
Hong Kong,2023-12-02,Pfizer/BioNTech,11973252
Hong Kong,2023-12-04,Pfizer/BioNTech,11973659
Hong Kong,2023-12-09,Pfizer/BioNTech,11975263
Hong Kong,2023-12-12,Pfizer/BioNTech,11976144
Hong Kong,2023-12-15,Pfizer/BioNTech,11979877
Hong Kong,2023-12-16,Pfizer/BioNTech,11980691
Hong Kong,2023-12-18,Pfizer/BioNTech,11982668
Hong Kong,2023-12-19,Pfizer/BioNTech,11984332
Hong Kong,2023-12-21,Pfizer/BioNTech,11987413
Hong Kong,2023-12-23,Pfizer/BioNTech,11989558
Hong Kong,2023-12-27,Pfizer/BioNTech,11991324
Hong Kong,2023-12-28,Pfizer/BioNTech,11993489
Hong Kong,2023-12-30,Pfizer/BioNTech,11996016
Hong Kong,2024-01-02,Pfizer/BioNTech,11997513
Hong Kong,2024-01-08,Pfizer/BioNTech,12005776
Hong Kong,2024-01-09,Pfizer/BioNTech,12007714
Hong Kong,2024-01-13,Pfizer/BioNTech,12013912
Hong Kong,2024-01-15,Pfizer/BioNTech,12015984
Hong Kong,2024-01-17,Pfizer/BioNTech,12018779
Hong Kong,2024-01-18,Pfizer/BioNTech,12021049
Hong Kong,2024-01-19,Pfizer/BioNTech,12022817
Hong Kong,2024-01-20,Pfizer/BioNTech,12023640
Hong Kong,2024-01-24,Pfizer/BioNTech,12026398
Hong Kong,2024-01-25,Pfizer/BioNTech,12026906
Hong Kong,2024-01-26,Pfizer/BioNTech,12027277
Hong Kong,2024-01-27,Pfizer/BioNTech,12027360
Hong Kong,2024-01-29,Pfizer/BioNTech,12027760
Hong Kong,2024-01-30,Pfizer/BioNTech,12027994
Hong Kong,2024-01-31,Pfizer/BioNTech,12028549
Hong Kong,2024-02-01,Pfizer/BioNTech,12029021
Hong Kong,2024-02-02,Pfizer/BioNTech,12029187
Hong Kong,2024-02-03,Pfizer/BioNTech,12029267
Hong Kong,2024-02-06,Pfizer/BioNTech,12029619
Hong Kong,2024-02-08,Pfizer/BioNTech,12030176
Hong Kong,2024-02-19,Pfizer/BioNTech,12030602
Hong Kong,2024-02-21,Pfizer/BioNTech,12031067
Hong Kong,2024-02-22,Pfizer/BioNTech,12031179
Hong Kong,2024-02-23,Pfizer/BioNTech,12031409
Hong Kong,2024-02-26,Pfizer/BioNTech,12031609
Hong Kong,2024-02-29,Pfizer/BioNTech,12032115
Hong Kong,2024-03-04,Pfizer/BioNTech,12032725
Hong Kong,2024-03-06,Pfizer/BioNTech,12033804
Hong Kong,2024-03-07,Pfizer/BioNTech,12034227
Hong Kong,2024-03-08,Pfizer/BioNTech,12035155
Hong Kong,2024-03-14,Pfizer/BioNTech,12038051
Hong Kong,2024-03-16,Pfizer/BioNTech,12039105
Hong Kong,2024-03-22,Pfizer/BioNTech,12042258
Hong Kong,2024-04-05,Pfizer/BioNTech,12045406
Hong Kong,2024-04-08,Pfizer/BioNTech,12045939
Hong Kong,2024-04-09,Pfizer/BioNTech,12046156
Hong Kong,2024-04-11,Pfizer/BioNTech,12046591
Hong Kong,2024-04-12,Pfizer/BioNTech,12046796
Hong Kong,2024-04-17,Pfizer/BioNTech,12047318
Hong Kong,2024-04-22,Pfizer/BioNTech,12047749
Hong Kong,2024-05-10,Pfizer/BioNTech,12048849
Hong Kong,2021-02-22,Sinovac,47
Hong Kong,2021-02-23,Sinovac,579
Hong Kong,2021-02-26,Sinovac,6645
Hong Kong,2021-02-27,Sinovac,13685
Hong Kong,2021-02-28,Sinovac,20700
Hong Kong,2021-03-01,Sinovac,27108
Hong Kong,2021-03-02,Sinovac,40179
Hong Kong,2021-03-03,Sinovac,51847
Hong Kong,2021-03-04,Sinovac,62237
Hong Kong,2021-03-05,Sinovac,72374
Hong Kong,2021-03-06,Sinovac,83694
Hong Kong,2021-03-07,Sinovac,91816
Hong Kong,2021-03-08,Sinovac,101718
Hong Kong,2021-03-09,Sinovac,110516
Hong Kong,2021-03-10,Sinovac,121518
Hong Kong,2021-03-11,Sinovac,131115
Hong Kong,2021-03-12,Sinovac,140710
Hong Kong,2021-03-13,Sinovac,149265
Hong Kong,2021-03-14,Sinovac,157205
Hong Kong,2021-03-15,Sinovac,166171
Hong Kong,2021-03-16,Sinovac,176398
Hong Kong,2021-03-17,Sinovac,189646
Hong Kong,2021-03-18,Sinovac,201495
Hong Kong,2021-03-19,Sinovac,213291
Hong Kong,2021-03-20,Sinovac,224616
Hong Kong,2021-03-21,Sinovac,233700
Hong Kong,2021-03-22,Sinovac,243870
Hong Kong,2021-03-23,Sinovac,253282
Hong Kong,2021-03-24,Sinovac,261976
Hong Kong,2021-03-25,Sinovac,270196
Hong Kong,2021-03-26,Sinovac,283913
Hong Kong,2021-03-27,Sinovac,297953
Hong Kong,2021-03-28,Sinovac,311127
Hong Kong,2021-03-29,Sinovac,323798
Hong Kong,2021-03-30,Sinovac,338993
Hong Kong,2021-03-31,Sinovac,353774
Hong Kong,2021-04-01,Sinovac,369054
Hong Kong,2021-04-02,Sinovac,379916
Hong Kong,2021-04-03,Sinovac,392665
Hong Kong,2021-04-04,Sinovac,404092
Hong Kong,2021-04-05,Sinovac,413512
Hong Kong,2021-04-06,Sinovac,422443
Hong Kong,2021-04-07,Sinovac,440256
Hong Kong,2021-04-08,Sinovac,455712
Hong Kong,2021-04-09,Sinovac,470759
Hong Kong,2021-04-10,Sinovac,483980
Hong Kong,2021-04-11,Sinovac,495337
Hong Kong,2021-04-12,Sinovac,507984
Hong Kong,2021-04-13,Sinovac,521193
Hong Kong,2021-04-14,Sinovac,536873
Hong Kong,2021-04-15,Sinovac,552144
Hong Kong,2021-04-16,Sinovac,568607
Hong Kong,2021-04-17,Sinovac,584699
Hong Kong,2021-04-18,Sinovac,598662
Hong Kong,2021-04-19,Sinovac,613906
Hong Kong,2021-04-20,Sinovac,627084
Hong Kong,2021-04-21,Sinovac,639041
Hong Kong,2021-04-22,Sinovac,650865
Hong Kong,2021-04-23,Sinovac,663805
Hong Kong,2021-04-24,Sinovac,676824
Hong Kong,2021-04-25,Sinovac,688060
Hong Kong,2021-04-26,Sinovac,699254
Hong Kong,2021-04-27,Sinovac,708885
Hong Kong,2021-04-28,Sinovac,718716
Hong Kong,2021-04-29,Sinovac,728533
Hong Kong,2021-04-30,Sinovac,740883
Hong Kong,2021-05-01,Sinovac,750265
Hong Kong,2021-05-02,Sinovac,758900
Hong Kong,2021-05-03,Sinovac,768450
Hong Kong,2021-05-04,Sinovac,776975
Hong Kong,2021-05-05,Sinovac,785464
Hong Kong,2021-05-06,Sinovac,793556
Hong Kong,2021-05-07,Sinovac,802473
Hong Kong,2021-05-08,Sinovac,811372
Hong Kong,2021-05-09,Sinovac,818440
Hong Kong,2021-05-10,Sinovac,826413
Hong Kong,2021-05-11,Sinovac,834039
Hong Kong,2021-05-12,Sinovac,841357
Hong Kong,2021-05-13,Sinovac,848756
Hong Kong,2021-05-14,Sinovac,857476
Hong Kong,2021-05-15,Sinovac,865986
Hong Kong,2021-05-16,Sinovac,873189
Hong Kong,2021-05-17,Sinovac,882407
Hong Kong,2021-05-18,Sinovac,892071
Hong Kong,2021-05-19,Sinovac,896706
Hong Kong,2021-05-20,Sinovac,905535
Hong Kong,2021-05-21,Sinovac,915370
Hong Kong,2021-05-22,Sinovac,925291
Hong Kong,2021-05-23,Sinovac,933187
Hong Kong,2021-05-24,Sinovac,943381
Hong Kong,2021-05-25,Sinovac,953331
Hong Kong,2021-05-26,Sinovac,963178
Hong Kong,2021-05-27,Sinovac,973927
Hong Kong,2021-05-28,Sinovac,987693
Hong Kong,2021-05-29,Sinovac,1002170
Hong Kong,2021-05-30,Sinovac,1014831
Hong Kong,2021-05-31,Sinovac,1030892
Hong Kong,2021-06-01,Sinovac,1047714
Hong Kong,2021-06-02,Sinovac,1064512
Hong Kong,2021-06-03,Sinovac,1081829
Hong Kong,2021-06-04,Sinovac,1100226
Hong Kong,2021-06-05,Sinovac,1117677
Hong Kong,2021-06-06,Sinovac,1131053
Hong Kong,2021-06-07,Sinovac,1150246
Hong Kong,2021-06-08,Sinovac,1168440
Hong Kong,2021-06-09,Sinovac,1185265
Hong Kong,2021-06-10,Sinovac,1202848
Hong Kong,2021-06-11,Sinovac,1223635
Hong Kong,2021-06-12,Sinovac,1242728
Hong Kong,2021-06-13,Sinovac,1257214
Hong Kong,2021-06-14,Sinovac,1267142
Hong Kong,2021-06-15,Sinovac,1286105
Hong Kong,2021-06-16,Sinovac,1302835
Hong Kong,2021-06-17,Sinovac,1320832
Hong Kong,2021-06-18,Sinovac,1340848
Hong Kong,2021-06-19,Sinovac,1358702
Hong Kong,2021-06-20,Sinovac,1371153
Hong Kong,2021-06-21,Sinovac,1390415
Hong Kong,2021-06-22,Sinovac,1409803
Hong Kong,2021-06-23,Sinovac,1427721
Hong Kong,2021-06-24,Sinovac,1446639
Hong Kong,2021-06-25,Sinovac,1469132
Hong Kong,2021-06-26,Sinovac,1489388
Hong Kong,2021-06-27,Sinovac,1504519
Hong Kong,2021-06-28,Sinovac,1525590
Hong Kong,2021-06-29,Sinovac,1550283
Hong Kong,2021-06-30,Sinovac,1575200
Hong Kong,2021-07-01,Sinovac,1588898
Hong Kong,2021-07-02,Sinovac,1617066
Hong Kong,2021-07-03,Sinovac,1638959
Hong Kong,2021-07-04,Sinovac,1654659
Hong Kong,2021-07-05,Sinovac,1681503
Hong Kong,2021-07-06,Sinovac,1706404
Hong Kong,2021-07-07,Sinovac,1729878
Hong Kong,2021-07-08,Sinovac,1754605
Hong Kong,2021-07-09,Sinovac,1782077
Hong Kong,2021-07-10,Sinovac,1804631
Hong Kong,2021-07-11,Sinovac,1820666
Hong Kong,2021-07-12,Sinovac,1842213
Hong Kong,2021-07-13,Sinovac,1864729
Hong Kong,2021-07-14,Sinovac,1885237
Hong Kong,2021-07-15,Sinovac,1908643
Hong Kong,2021-07-16,Sinovac,1934475
Hong Kong,2021-07-17,Sinovac,1956424
Hong Kong,2021-07-18,Sinovac,1971776
Hong Kong,2021-07-19,Sinovac,1995429
Hong Kong,2021-07-20,Sinovac,2017526
Hong Kong,2021-07-21,Sinovac,2038009
Hong Kong,2021-07-22,Sinovac,2060184
Hong Kong,2021-07-23,Sinovac,2085528
Hong Kong,2021-07-24,Sinovac,2106518
Hong Kong,2021-07-25,Sinovac,2120500
Hong Kong,2021-07-26,Sinovac,2143549
Hong Kong,2021-07-27,Sinovac,2165495
Hong Kong,2021-07-28,Sinovac,2187203
Hong Kong,2021-07-29,Sinovac,2207014
Hong Kong,2021-07-30,Sinovac,2232235
Hong Kong,2021-07-31,Sinovac,2253005
Hong Kong,2021-08-01,Sinovac,2266646
Hong Kong,2021-08-02,Sinovac,2291427
Hong Kong,2021-08-03,Sinovac,2316059
Hong Kong,2021-08-04,Sinovac,2337001
Hong Kong,2021-08-05,Sinovac,2358373
Hong Kong,2021-08-06,Sinovac,2381976
Hong Kong,2021-08-07,Sinovac,2400881
Hong Kong,2021-08-08,Sinovac,2412098
Hong Kong,2021-08-09,Sinovac,2434613
Hong Kong,2021-08-10,Sinovac,2454729
Hong Kong,2021-08-11,Sinovac,2473315
Hong Kong,2021-08-12,Sinovac,2492993
Hong Kong,2021-08-13,Sinovac,2513844
Hong Kong,2021-08-14,Sinovac,2531188
Hong Kong,2021-08-15,Sinovac,2542269
Hong Kong,2021-08-16,Sinovac,2561646
Hong Kong,2021-08-17,Sinovac,2578670
Hong Kong,2021-08-18,Sinovac,2594877
Hong Kong,2021-08-19,Sinovac,2611293
Hong Kong,2021-08-20,Sinovac,2630009
Hong Kong,2021-08-21,Sinovac,2646045
Hong Kong,2021-08-22,Sinovac,2656022
Hong Kong,2021-08-23,Sinovac,2674330
Hong Kong,2021-08-24,Sinovac,2690657
Hong Kong,2021-08-25,Sinovac,2706480
Hong Kong,2021-08-26,Sinovac,2724628
Hong Kong,2021-08-27,Sinovac,2743588
Hong Kong,2021-08-28,Sinovac,2760588
Hong Kong,2021-08-29,Sinovac,2770863
Hong Kong,2021-08-30,Sinovac,2791634
Hong Kong,2021-08-31,Sinovac,2811758
Hong Kong,2021-09-01,Sinovac,2826828
Hong Kong,2021-09-02,Sinovac,2841712
Hong Kong,2021-09-03,Sinovac,2858177
Hong Kong,2021-09-04,Sinovac,2872539
Hong Kong,2021-09-05,Sinovac,2880225
Hong Kong,2021-09-06,Sinovac,2895135
Hong Kong,2021-09-07,Sinovac,2908609
Hong Kong,2021-09-08,Sinovac,2922207
Hong Kong,2021-09-09,Sinovac,2936353
Hong Kong,2021-09-10,Sinovac,2952140
Hong Kong,2021-09-11,Sinovac,2965488
Hong Kong,2021-09-12,Sinovac,2972304
Hong Kong,2021-09-13,Sinovac,2985434
Hong Kong,2021-09-14,Sinovac,2996875
Hong Kong,2021-09-15,Sinovac,3007996
Hong Kong,2021-09-16,Sinovac,3018765
Hong Kong,2021-09-17,Sinovac,3030911
Hong Kong,2021-09-18,Sinovac,3040979
Hong Kong,2021-09-19,Sinovac,3046060
Hong Kong,2021-09-20,Sinovac,3056166
Hong Kong,2021-09-21,Sinovac,3063578
Hong Kong,2021-09-22,Sinovac,3066803
Hong Kong,2021-09-23,Sinovac,3079721
Hong Kong,2021-09-24,Sinovac,3092114
Hong Kong,2021-09-25,Sinovac,3102562
Hong Kong,2021-09-26,Sinovac,3107576
Hong Kong,2021-09-27,Sinovac,3118780
Hong Kong,2021-09-28,Sinovac,3129017
Hong Kong,2021-09-29,Sinovac,3138673
Hong Kong,2021-09-30,Sinovac,3148975
Hong Kong,2021-10-01,Sinovac,3152222
Hong Kong,2021-10-02,Sinovac,3160189
Hong Kong,2021-10-03,Sinovac,3163325
Hong Kong,2021-10-04,Sinovac,3171975
Hong Kong,2021-10-05,Sinovac,3179323
Hong Kong,2021-10-06,Sinovac,3185635
Hong Kong,2021-10-07,Sinovac,3192289
Hong Kong,2021-10-08,Sinovac,3198755
Hong Kong,2021-10-09,Sinovac,3198824
Hong Kong,2021-10-10,Sinovac,3203625
Hong Kong,2021-10-11,Sinovac,3211878
Hong Kong,2021-10-12,Sinovac,3216874
Hong Kong,2021-10-14,Sinovac,3220023
Hong Kong,2021-10-15,Sinovac,3229147
Hong Kong,2021-10-16,Sinovac,3235709
Hong Kong,2021-10-17,Sinovac,3237916
Hong Kong,2021-10-18,Sinovac,3243750
Hong Kong,2021-10-19,Sinovac,3248095
Hong Kong,2021-10-20,Sinovac,3251124
Hong Kong,2021-10-21,Sinovac,3256506
Hong Kong,2021-10-22,Sinovac,3263093
Hong Kong,2021-10-23,Sinovac,3268355
Hong Kong,2021-10-24,Sinovac,3270693
Hong Kong,2021-10-25,Sinovac,3276355
Hong Kong,2021-10-26,Sinovac,3281613
Hong Kong,2021-10-27,Sinovac,3285846
Hong Kong,2021-10-28,Sinovac,3290699
Hong Kong,2021-10-29,Sinovac,3294570
Hong Kong,2021-10-30,Sinovac,3299181
Hong Kong,2021-10-31,Sinovac,3301275
Hong Kong,2021-11-01,Sinovac,3305385
Hong Kong,2021-11-02,Sinovac,3309289
Hong Kong,2021-11-03,Sinovac,3311649
Hong Kong,2021-11-04,Sinovac,3315916
Hong Kong,2021-11-05,Sinovac,3319853
Hong Kong,2021-11-06,Sinovac,3322467
Hong Kong,2021-11-07,Sinovac,3324467
Hong Kong,2021-11-08,Sinovac,3328629
Hong Kong,2021-11-09,Sinovac,3331800
Hong Kong,2021-11-10,Sinovac,3333066
Hong Kong,2021-11-11,Sinovac,3341860
Hong Kong,2021-11-12,Sinovac,3350191
Hong Kong,2021-11-13,Sinovac,3358040
Hong Kong,2021-11-14,Sinovac,3362092
Hong Kong,2021-11-15,Sinovac,3369153
Hong Kong,2021-11-16,Sinovac,3375688
Hong Kong,2021-11-17,Sinovac,3378821
Hong Kong,2021-11-18,Sinovac,3386233
Hong Kong,2021-11-19,Sinovac,3393542
Hong Kong,2021-11-20,Sinovac,3400090
Hong Kong,2021-11-21,Sinovac,3403912
Hong Kong,2021-11-22,Sinovac,3410624
Hong Kong,2021-11-23,Sinovac,3419572
Hong Kong,2021-11-24,Sinovac,3424005
Hong Kong,2021-11-25,Sinovac,3435341
Hong Kong,2021-11-26,Sinovac,3446261
Hong Kong,2021-11-27,Sinovac,3458507
Hong Kong,2021-11-28,Sinovac,3467908
Hong Kong,2021-11-29,Sinovac,3479547
Hong Kong,2021-11-30,Sinovac,3490430
Hong Kong,2021-12-01,Sinovac,3495172
Hong Kong,2021-12-02,Sinovac,3505528
Hong Kong,2021-12-03,Sinovac,3516258
Hong Kong,2021-12-04,Sinovac,3526723
Hong Kong,2021-12-05,Sinovac,3534073
Hong Kong,2021-12-06,Sinovac,3543115
Hong Kong,2021-12-07,Sinovac,3551833
Hong Kong,2021-12-08,Sinovac,3556398
Hong Kong,2021-12-09,Sinovac,3565310
Hong Kong,2021-12-10,Sinovac,3574085
Hong Kong,2021-12-11,Sinovac,3582920
Hong Kong,2021-12-12,Sinovac,3588739
Hong Kong,2021-12-13,Sinovac,3596957
Hong Kong,2021-12-14,Sinovac,3604666
Hong Kong,2021-12-15,Sinovac,3608852
Hong Kong,2021-12-16,Sinovac,3617949
Hong Kong,2021-12-17,Sinovac,3626266
Hong Kong,2021-12-18,Sinovac,3634285
Hong Kong,2021-12-19,Sinovac,3639838
Hong Kong,2021-12-20,Sinovac,3646908
Hong Kong,2021-12-21,Sinovac,3652415
Hong Kong,2021-12-22,Sinovac,3656664
Hong Kong,2021-12-23,Sinovac,3665685
Hong Kong,2021-12-24,Sinovac,3672770
Hong Kong,2021-12-25,Sinovac,3678111
Hong Kong,2021-12-26,Sinovac,3682818
Hong Kong,2021-12-27,Sinovac,3687086
Hong Kong,2021-12-28,Sinovac,3697634
Hong Kong,2021-12-29,Sinovac,3703355
Hong Kong,2021-12-30,Sinovac,3714580
Hong Kong,2021-12-31,Sinovac,3724776
Hong Kong,2022-01-01,Sinovac,3731609
Hong Kong,2022-01-02,Sinovac,3739708
Hong Kong,2022-01-03,Sinovac,3759699
Hong Kong,2022-01-04,Sinovac,3779579
Hong Kong,2022-01-05,Sinovac,3798478
Hong Kong,2022-01-06,Sinovac,3820036
Hong Kong,2022-01-07,Sinovac,3844072
Hong Kong,2022-01-08,Sinovac,3862897
Hong Kong,2022-01-09,Sinovac,3873641
Hong Kong,2022-01-10,Sinovac,3897374
Hong Kong,2022-01-11,Sinovac,3920187
Hong Kong,2022-01-12,Sinovac,3940817
Hong Kong,2022-01-13,Sinovac,3962174
Hong Kong,2022-01-14,Sinovac,3983277
Hong Kong,2022-01-15,Sinovac,3999489
Hong Kong,2022-01-16,Sinovac,4008662
Hong Kong,2022-01-17,Sinovac,4027720
Hong Kong,2022-01-18,Sinovac,4045792
Hong Kong,2022-01-19,Sinovac,4063344
Hong Kong,2022-01-20,Sinovac,4082268
Hong Kong,2022-01-21,Sinovac,4103593
Hong Kong,2022-01-22,Sinovac,4119736
Hong Kong,2022-01-23,Sinovac,4128989
Hong Kong,2022-01-24,Sinovac,4148985
Hong Kong,2022-01-25,Sinovac,4168037
Hong Kong,2022-01-26,Sinovac,4185237
Hong Kong,2022-02-01,Sinovac,4192655
Hong Kong,2022-02-02,Sinovac,4256831
Hong Kong,2022-02-03,Sinovac,4263883
Hong Kong,2022-02-04,Sinovac,4286166
Hong Kong,2022-02-05,Sinovac,4306721
Hong Kong,2022-02-06,Sinovac,4318544
Hong Kong,2022-02-07,Sinovac,4356128
Hong Kong,2022-02-08,Sinovac,4398299
Hong Kong,2022-02-09,Sinovac,4446107
Hong Kong,2022-02-10,Sinovac,4497346
Hong Kong,2022-02-11,Sinovac,4550249
Hong Kong,2022-02-12,Sinovac,4588542
Hong Kong,2022-02-13,Sinovac,4606961
Hong Kong,2022-02-14,Sinovac,4658452
Hong Kong,2022-02-15,Sinovac,4711719
Hong Kong,2022-02-16,Sinovac,4764982
Hong Kong,2022-02-17,Sinovac,4817393
Hong Kong,2022-02-18,Sinovac,4873600
Hong Kong,2022-02-19,Sinovac,4914196
Hong Kong,2022-02-20,Sinovac,4931905
Hong Kong,2022-02-21,Sinovac,4974794
Hong Kong,2022-02-22,Sinovac,5019867
Hong Kong,2022-02-23,Sinovac,5066329
Hong Kong,2022-02-24,Sinovac,5113223
Hong Kong,2022-02-25,Sinovac,5161888
Hong Kong,2022-02-26,Sinovac,5198529
Hong Kong,2022-02-27,Sinovac,5217683
Hong Kong,2022-02-28,Sinovac,5257681
Hong Kong,2022-03-01,Sinovac,5291789
Hong Kong,2022-03-02,Sinovac,5323531
Hong Kong,2022-03-03,Sinovac,5355702
Hong Kong,2022-03-04,Sinovac,5389429
Hong Kong,2022-03-05,Sinovac,5421804
Hong Kong,2022-03-06,Sinovac,5441973
Hong Kong,2022-03-07,Sinovac,5480981
Hong Kong,2022-03-08,Sinovac,5516965
Hong Kong,2022-03-09,Sinovac,5551417
Hong Kong,2022-03-10,Sinovac,5588098
Hong Kong,2022-03-11,Sinovac,5626303
Hong Kong,2022-03-12,Sinovac,5655218
Hong Kong,2022-03-13,Sinovac,5671828
Hong Kong,2022-03-14,Sinovac,5706967
Hong Kong,2022-03-15,Sinovac,5740893
Hong Kong,2022-03-16,Sinovac,5772913
Hong Kong,2022-03-17,Sinovac,5804197
Hong Kong,2022-03-18,Sinovac,5839773
Hong Kong,2022-03-19,Sinovac,5865246
Hong Kong,2022-03-20,Sinovac,5876856
Hong Kong,2022-03-21,Sinovac,5908738
Hong Kong,2022-03-22,Sinovac,5939558
Hong Kong,2022-03-23,Sinovac,5967413
Hong Kong,2022-03-24,Sinovac,5995857
Hong Kong,2022-03-25,Sinovac,6027611
Hong Kong,2022-03-26,Sinovac,6051868
Hong Kong,2022-03-27,Sinovac,6065034
Hong Kong,2022-03-28,Sinovac,6091621
Hong Kong,2022-03-29,Sinovac,6115507
Hong Kong,2022-03-30,Sinovac,6139046
Hong Kong,2022-03-31,Sinovac,6161961
Hong Kong,2022-04-01,Sinovac,6183768
Hong Kong,2022-04-02,Sinovac,6203096
Hong Kong,2022-04-03,Sinovac,6213020
Hong Kong,2022-04-04,Sinovac,6234138
Hong Kong,2022-04-05,Sinovac,6239393
Hong Kong,2022-04-06,Sinovac,6257921
Hong Kong,2022-04-07,Sinovac,6276476
Hong Kong,2022-04-08,Sinovac,6298690
Hong Kong,2022-04-09,Sinovac,6316957
Hong Kong,2022-04-10,Sinovac,6326124
Hong Kong,2022-04-11,Sinovac,6346257
Hong Kong,2022-04-12,Sinovac,6363916
Hong Kong,2022-04-13,Sinovac,6380296
Hong Kong,2022-04-14,Sinovac,6400770
Hong Kong,2022-04-15,Sinovac,6410724
Hong Kong,2022-04-16,Sinovac,6418467
Hong Kong,2022-04-17,Sinovac,6424652
Hong Kong,2022-04-18,Sinovac,6430951
Hong Kong,2022-04-19,Sinovac,6448991
Hong Kong,2022-04-20,Sinovac,6462919
Hong Kong,2022-04-21,Sinovac,6475887
Hong Kong,2022-04-22,Sinovac,6491365
Hong Kong,2022-04-23,Sinovac,6503453
Hong Kong,2022-04-24,Sinovac,6508165
Hong Kong,2022-04-25,Sinovac,6521001
Hong Kong,2022-04-26,Sinovac,6533023
Hong Kong,2022-04-27,Sinovac,6543967
Hong Kong,2022-04-28,Sinovac,6555994
Hong Kong,2022-04-29,Sinovac,6571378
Hong Kong,2022-04-30,Sinovac,6584527
Hong Kong,2022-05-01,Sinovac,6590332
Hong Kong,2022-05-02,Sinovac,6595502
Hong Kong,2022-05-03,Sinovac,6609984
Hong Kong,2022-05-04,Sinovac,6622428
Hong Kong,2022-05-05,Sinovac,6635372
Hong Kong,2022-05-06,Sinovac,6650053
Hong Kong,2022-05-07,Sinovac,6662388
Hong Kong,2022-05-08,Sinovac,6667471
Hong Kong,2022-05-09,Sinovac,6672927
Hong Kong,2022-05-10,Sinovac,6688949
Hong Kong,2022-05-11,Sinovac,6699986
Hong Kong,2022-05-12,Sinovac,6710480
Hong Kong,2022-05-13,Sinovac,6724231
Hong Kong,2022-05-14,Sinovac,6736434
Hong Kong,2022-05-15,Sinovac,6741733
Hong Kong,2022-05-16,Sinovac,6755613
Hong Kong,2022-05-17,Sinovac,6770373
Hong Kong,2022-05-18,Sinovac,6783684
Hong Kong,2022-05-19,Sinovac,6797572
Hong Kong,2022-05-20,Sinovac,6815409
Hong Kong,2022-05-21,Sinovac,6829828
Hong Kong,2022-05-22,Sinovac,6836875
Hong Kong,2022-05-23,Sinovac,6854328
Hong Kong,2022-05-24,Sinovac,6868800
Hong Kong,2022-05-25,Sinovac,6882624
Hong Kong,2022-05-26,Sinovac,6898369
Hong Kong,2022-05-27,Sinovac,6916399
Hong Kong,2022-05-28,Sinovac,6933664
Hong Kong,2022-05-29,Sinovac,6942980
Hong Kong,2022-05-30,Sinovac,6968725
Hong Kong,2022-05-31,Sinovac,6995197
Hong Kong,2022-06-01,Sinovac,7012822
Hong Kong,2022-06-02,Sinovac,7029854
Hong Kong,2022-06-03,Sinovac,7036731
Hong Kong,2022-06-04,Sinovac,7049345
Hong Kong,2022-06-05,Sinovac,7054738
Hong Kong,2022-06-06,Sinovac,7067496
Hong Kong,2022-06-07,Sinovac,7078092
Hong Kong,2022-06-08,Sinovac,7087094
Hong Kong,2022-06-09,Sinovac,7098162
Hong Kong,2022-06-10,Sinovac,7112969
Hong Kong,2022-06-11,Sinovac,7125791
Hong Kong,2022-06-12,Sinovac,7130686
Hong Kong,2022-06-13,Sinovac,7145195
Hong Kong,2022-06-14,Sinovac,7157858
Hong Kong,2022-06-15,Sinovac,7170283
Hong Kong,2022-06-16,Sinovac,7183998
Hong Kong,2022-06-17,Sinovac,7199611
Hong Kong,2022-06-18,Sinovac,7212003
Hong Kong,2022-06-19,Sinovac,7216172
Hong Kong,2022-06-20,Sinovac,7229224
Hong Kong,2022-06-21,Sinovac,7240324
Hong Kong,2022-06-22,Sinovac,7250575
Hong Kong,2022-06-23,Sinovac,7261992
Hong Kong,2022-06-24,Sinovac,7274399
Hong Kong,2022-06-25,Sinovac,7285545
Hong Kong,2022-06-26,Sinovac,7289516
Hong Kong,2022-06-27,Sinovac,7300407
Hong Kong,2022-06-28,Sinovac,7310675
Hong Kong,2022-06-29,Sinovac,7320048
Hong Kong,2022-06-30,Sinovac,7333352
Hong Kong,2022-07-01,Sinovac,7336458
Hong Kong,2022-07-02,Sinovac,7336576
Hong Kong,2022-07-03,Sinovac,7340978
Hong Kong,2022-07-04,Sinovac,7352005
Hong Kong,2022-07-05,Sinovac,7360486
Hong Kong,2022-07-06,Sinovac,7368142
Hong Kong,2022-07-07,Sinovac,7376336
Hong Kong,2022-07-08,Sinovac,7388446
Hong Kong,2022-07-09,Sinovac,7398261
Hong Kong,2022-07-10,Sinovac,7401527
Hong Kong,2022-07-11,Sinovac,7410707
Hong Kong,2022-07-12,Sinovac,7418754
Hong Kong,2022-07-13,Sinovac,7425705
Hong Kong,2022-07-14,Sinovac,7433068
Hong Kong,2022-07-15,Sinovac,7443056
Hong Kong,2022-07-16,Sinovac,7452133
Hong Kong,2022-07-17,Sinovac,7455623
Hong Kong,2022-07-18,Sinovac,7463520
Hong Kong,2022-07-19,Sinovac,7471485
Hong Kong,2022-07-20,Sinovac,7478139
Hong Kong,2022-07-21,Sinovac,7484759
Hong Kong,2022-07-22,Sinovac,7494073
Hong Kong,2022-07-23,Sinovac,7501901
Hong Kong,2022-07-24,Sinovac,7504943
Hong Kong,2022-07-25,Sinovac,7512911
Hong Kong,2022-07-26,Sinovac,7519777
Hong Kong,2022-07-27,Sinovac,7527459
Hong Kong,2022-07-28,Sinovac,7535217
Hong Kong,2022-07-29,Sinovac,7544832
Hong Kong,2022-07-30,Sinovac,7552104
Hong Kong,2022-07-31,Sinovac,7554837
Hong Kong,2022-08-01,Sinovac,7562501
Hong Kong,2022-08-02,Sinovac,7570015
Hong Kong,2022-08-03,Sinovac,7577711
Hong Kong,2022-08-04,Sinovac,7586446
Hong Kong,2022-08-05,Sinovac,7597485
Hong Kong,2022-08-06,Sinovac,7607268
Hong Kong,2022-08-07,Sinovac,7611863
Hong Kong,2022-08-08,Sinovac,7623257
Hong Kong,2022-08-09,Sinovac,7632594
Hong Kong,2022-08-10,Sinovac,7640785
Hong Kong,2022-08-11,Sinovac,7650047
Hong Kong,2022-08-12,Sinovac,7661025
Hong Kong,2022-08-13,Sinovac,7671214
Hong Kong,2022-08-14,Sinovac,7676361
Hong Kong,2022-08-15,Sinovac,7689784
Hong Kong,2022-08-16,Sinovac,7703447
Hong Kong,2022-08-17,Sinovac,7714258
Hong Kong,2022-08-18,Sinovac,7727197
Hong Kong,2022-08-19,Sinovac,7740729
Hong Kong,2022-08-20,Sinovac,7753115
Hong Kong,2022-08-21,Sinovac,7760068
Hong Kong,2022-08-22,Sinovac,7774280
Hong Kong,2022-08-23,Sinovac,7786310
Hong Kong,2022-08-24,Sinovac,7798157
Hong Kong,2022-08-25,Sinovac,7805331
Hong Kong,2022-08-26,Sinovac,7820675
Hong Kong,2022-08-27,Sinovac,7835283
Hong Kong,2022-08-28,Sinovac,7843337
Hong Kong,2022-08-29,Sinovac,7862659
Hong Kong,2022-08-30,Sinovac,7880446
Hong Kong,2022-08-31,Sinovac,7895906
Hong Kong,2022-09-01,Sinovac,7911257
Hong Kong,2022-09-02,Sinovac,7931478
Hong Kong,2022-09-03,Sinovac,7950781
Hong Kong,2022-09-04,Sinovac,7959675
Hong Kong,2022-09-05,Sinovac,7978545
Hong Kong,2022-09-06,Sinovac,7995938
Hong Kong,2022-09-07,Sinovac,8011027
Hong Kong,2022-09-08,Sinovac,8027396
Hong Kong,2022-09-09,Sinovac,8048895
Hong Kong,2022-09-10,Sinovac,8064913
Hong Kong,2022-09-11,Sinovac,8075260
Hong Kong,2022-09-12,Sinovac,8083727
Hong Kong,2022-09-13,Sinovac,8105548
Hong Kong,2022-09-14,Sinovac,8121980
Hong Kong,2022-09-15,Sinovac,8139239
Hong Kong,2022-09-16,Sinovac,8161070
Hong Kong,2022-09-17,Sinovac,8181772
Hong Kong,2022-09-18,Sinovac,8190546
Hong Kong,2022-09-19,Sinovac,8206974
Hong Kong,2022-09-20,Sinovac,8220127
Hong Kong,2022-09-21,Sinovac,8231832
Hong Kong,2022-09-22,Sinovac,8245030
Hong Kong,2022-09-23,Sinovac,8262910
Hong Kong,2022-09-24,Sinovac,8279047
Hong Kong,2022-09-25,Sinovac,8285921
Hong Kong,2022-09-26,Sinovac,8297768
Hong Kong,2022-09-27,Sinovac,8309817
Hong Kong,2022-09-28,Sinovac,8320369
Hong Kong,2022-09-29,Sinovac,8332144
Hong Kong,2022-09-30,Sinovac,8354432
Hong Kong,2022-10-01,Sinovac,8366377
Hong Kong,2022-10-02,Sinovac,8373995
Hong Kong,2022-10-03,Sinovac,8391324
Hong Kong,2022-10-04,Sinovac,8395520
Hong Kong,2022-10-05,Sinovac,8405030
Hong Kong,2022-10-06,Sinovac,8414108
Hong Kong,2022-10-07,Sinovac,8424849
Hong Kong,2022-10-08,Sinovac,8434600
Hong Kong,2022-10-09,Sinovac,8438308
Hong Kong,2022-10-10,Sinovac,8447315
Hong Kong,2022-10-11,Sinovac,8455430
Hong Kong,2022-10-12,Sinovac,8461982
Hong Kong,2022-10-13,Sinovac,8469057
Hong Kong,2022-10-14,Sinovac,8477101
Hong Kong,2022-10-15,Sinovac,8484871
Hong Kong,2022-10-16,Sinovac,8488066
Hong Kong,2022-10-17,Sinovac,8494367
Hong Kong,2022-10-18,Sinovac,8499350
Hong Kong,2022-10-19,Sinovac,8504728
Hong Kong,2022-10-20,Sinovac,8509929
Hong Kong,2022-10-21,Sinovac,8516111
Hong Kong,2022-10-22,Sinovac,8521724
Hong Kong,2022-10-23,Sinovac,8524318
Hong Kong,2022-10-24,Sinovac,8529180
Hong Kong,2022-10-25,Sinovac,8533714
Hong Kong,2022-10-26,Sinovac,8538188
Hong Kong,2022-10-27,Sinovac,8542667
Hong Kong,2022-10-28,Sinovac,8548349
Hong Kong,2022-10-29,Sinovac,8553191
Hong Kong,2022-10-30,Sinovac,8555216
Hong Kong,2022-10-31,Sinovac,8559701
Hong Kong,2022-11-01,Sinovac,8563391
Hong Kong,2022-11-02,Sinovac,8564575
Hong Kong,2022-11-03,Sinovac,8568509
Hong Kong,2022-11-04,Sinovac,8572900
Hong Kong,2022-11-05,Sinovac,8576614
Hong Kong,2022-11-06,Sinovac,8578102
Hong Kong,2022-11-07,Sinovac,8581767
Hong Kong,2022-11-08,Sinovac,8585354
Hong Kong,2022-11-09,Sinovac,8588542
Hong Kong,2022-11-10,Sinovac,8591976
Hong Kong,2022-11-11,Sinovac,8596237
Hong Kong,2022-11-12,Sinovac,8599492
Hong Kong,2022-11-13,Sinovac,8600990
Hong Kong,2022-11-14,Sinovac,8604529
Hong Kong,2022-11-15,Sinovac,8607710
Hong Kong,2022-11-16,Sinovac,8610701
Hong Kong,2022-11-17,Sinovac,8613535
Hong Kong,2022-11-18,Sinovac,8617726
Hong Kong,2022-11-19,Sinovac,8621137
Hong Kong,2022-11-20,Sinovac,8622626
Hong Kong,2022-11-21,Sinovac,8625906
Hong Kong,2022-11-22,Sinovac,8628977
Hong Kong,2022-11-23,Sinovac,8631691
Hong Kong,2022-11-24,Sinovac,8634277
Hong Kong,2022-11-25,Sinovac,8638622
Hong Kong,2022-11-26,Sinovac,8642324
Hong Kong,2022-11-27,Sinovac,8643733
Hong Kong,2022-11-28,Sinovac,8647663
Hong Kong,2022-11-29,Sinovac,8651364
Hong Kong,2022-11-30,Sinovac,8655220
Hong Kong,2022-12-01,Sinovac,8658766
Hong Kong,2022-12-02,Sinovac,8663220
Hong Kong,2022-12-03,Sinovac,8667444
Hong Kong,2022-12-04,Sinovac,8669254
Hong Kong,2022-12-05,Sinovac,8673532
Hong Kong,2022-12-06,Sinovac,8677156
Hong Kong,2022-12-07,Sinovac,8680342
Hong Kong,2022-12-08,Sinovac,8684358
Hong Kong,2022-12-09,Sinovac,8689311
Hong Kong,2022-12-10,Sinovac,8693026
Hong Kong,2022-12-11,Sinovac,8694673
Hong Kong,2022-12-12,Sinovac,8698744
Hong Kong,2022-12-13,Sinovac,8702220
Hong Kong,2022-12-14,Sinovac,8705089
Hong Kong,2022-12-15,Sinovac,8707851
Hong Kong,2022-12-16,Sinovac,8711755
Hong Kong,2022-12-17,Sinovac,8714476
Hong Kong,2022-12-18,Sinovac,8715602
Hong Kong,2022-12-19,Sinovac,8718839
Hong Kong,2022-12-20,Sinovac,8722190
Hong Kong,2022-12-21,Sinovac,8725437
Hong Kong,2022-12-22,Sinovac,8728090
Hong Kong,2022-12-23,Sinovac,8732359
Hong Kong,2022-12-24,Sinovac,8734949
Hong Kong,2022-12-25,Sinovac,8735989
Hong Kong,2022-12-26,Sinovac,8737198
Hong Kong,2022-12-27,Sinovac,8738588
Hong Kong,2022-12-28,Sinovac,8743915
Hong Kong,2022-12-29,Sinovac,8748932
Hong Kong,2022-12-30,Sinovac,8754293
Hong Kong,2022-12-31,Sinovac,8758071
Hong Kong,2023-01-01,Sinovac,8759189
Hong Kong,2023-01-02,Sinovac,8760671
Hong Kong,2023-01-03,Sinovac,8765298
Hong Kong,2023-01-04,Sinovac,8769302
Hong Kong,2023-01-05,Sinovac,8773472
Hong Kong,2023-01-06,Sinovac,8777803
Hong Kong,2023-01-07,Sinovac,8780935
Hong Kong,2023-01-08,Sinovac,8782135
Hong Kong,2023-01-09,Sinovac,8785478
Hong Kong,2023-01-10,Sinovac,8788631
Hong Kong,2023-01-11,Sinovac,8791514
Hong Kong,2023-01-12,Sinovac,8794717
Hong Kong,2023-01-13,Sinovac,8798055
Hong Kong,2023-01-14,Sinovac,8800205
Hong Kong,2023-01-15,Sinovac,8801003
Hong Kong,2023-01-16,Sinovac,8803128
Hong Kong,2023-01-17,Sinovac,8804928
Hong Kong,2023-01-18,Sinovac,8806486
Hong Kong,2023-01-19,Sinovac,8808088
Hong Kong,2023-01-20,Sinovac,8809240
Hong Kong,2023-01-24,Sinovac,8809649
Hong Kong,2023-01-25,Sinovac,8809704
Hong Kong,2023-01-26,Sinovac,8810473
Hong Kong,2023-01-27,Sinovac,8811360
Hong Kong,2023-01-28,Sinovac,8811952
Hong Kong,2023-01-29,Sinovac,8812158
Hong Kong,2023-01-30,Sinovac,8813300
Hong Kong,2023-01-31,Sinovac,8814777
Hong Kong,2023-02-01,Sinovac,8815918
Hong Kong,2023-02-02,Sinovac,8817104
Hong Kong,2023-02-03,Sinovac,8818327
Hong Kong,2023-02-04,Sinovac,8819087
Hong Kong,2023-02-05,Sinovac,8819328
Hong Kong,2023-02-06,Sinovac,8820557
Hong Kong,2023-02-07,Sinovac,8821662
Hong Kong,2023-02-08,Sinovac,8822734
Hong Kong,2023-02-09,Sinovac,8823800
Hong Kong,2023-02-10,Sinovac,8824884
Hong Kong,2023-02-11,Sinovac,8825983
Hong Kong,2023-02-12,Sinovac,8826260
Hong Kong,2023-02-13,Sinovac,8827521
Hong Kong,2023-02-14,Sinovac,8828581
Hong Kong,2023-02-15,Sinovac,8829575
Hong Kong,2023-02-16,Sinovac,8830623
Hong Kong,2023-02-17,Sinovac,8831560
Hong Kong,2023-02-18,Sinovac,8832275
Hong Kong,2023-02-19,Sinovac,8832506
Hong Kong,2023-02-20,Sinovac,8833372
Hong Kong,2023-02-21,Sinovac,8834272
Hong Kong,2023-02-22,Sinovac,8835106
Hong Kong,2023-02-23,Sinovac,8835923
Hong Kong,2023-02-24,Sinovac,8836850
Hong Kong,2023-02-25,Sinovac,8837425
Hong Kong,2023-02-26,Sinovac,8837603
Hong Kong,2023-02-27,Sinovac,8838394
Hong Kong,2023-02-28,Sinovac,8839307
Hong Kong,2023-03-01,Sinovac,8840020
Hong Kong,2023-03-02,Sinovac,8840897
Hong Kong,2023-03-03,Sinovac,8841542
Hong Kong,2023-03-04,Sinovac,8842038
Hong Kong,2023-03-05,Sinovac,8842161
Hong Kong,2023-03-06,Sinovac,8842849
Hong Kong,2023-03-07,Sinovac,8843391
Hong Kong,2023-03-08,Sinovac,8843895
Hong Kong,2023-03-09,Sinovac,8844561
Hong Kong,2023-03-10,Sinovac,8845158
Hong Kong,2023-03-11,Sinovac,8845534
Hong Kong,2023-03-12,Sinovac,8845663
Hong Kong,2023-03-13,Sinovac,8846197
Hong Kong,2023-03-14,Sinovac,8846668
Hong Kong,2023-03-15,Sinovac,8847148
Hong Kong,2023-03-16,Sinovac,8847714
Hong Kong,2023-03-17,Sinovac,8848102
Hong Kong,2023-03-18,Sinovac,8848508
Hong Kong,2023-03-19,Sinovac,8848607
Hong Kong,2023-03-20,Sinovac,8849067
Hong Kong,2023-03-21,Sinovac,8849566
Hong Kong,2023-03-22,Sinovac,8849939
Hong Kong,2023-03-23,Sinovac,8850572
Hong Kong,2023-03-24,Sinovac,8851197
Hong Kong,2023-03-25,Sinovac,8851584
Hong Kong,2023-03-26,Sinovac,8851628
Hong Kong,2023-03-27,Sinovac,8852044
Hong Kong,2023-03-28,Sinovac,8852559
Hong Kong,2023-03-29,Sinovac,8853020
Hong Kong,2023-03-30,Sinovac,8853722
Hong Kong,2023-03-31,Sinovac,8854212
Hong Kong,2023-04-01,Sinovac,8854783
Hong Kong,2023-04-02,Sinovac,8854936
Hong Kong,2023-04-03,Sinovac,8855826
Hong Kong,2023-04-04,Sinovac,8856725
Hong Kong,2023-04-05,Sinovac,8856840
Hong Kong,2023-04-06,Sinovac,8857540
Hong Kong,2023-04-07,Sinovac,8857660
Hong Kong,2023-04-08,Sinovac,8857762
Hong Kong,2023-04-09,Sinovac,8857831
Hong Kong,2023-04-10,Sinovac,8857915
Hong Kong,2023-04-11,Sinovac,8858651
Hong Kong,2023-04-12,Sinovac,8859222
Hong Kong,2023-04-13,Sinovac,8859781
Hong Kong,2023-04-14,Sinovac,8860376
Hong Kong,2023-04-15,Sinovac,8860898
Hong Kong,2023-04-16,Sinovac,8861000
Hong Kong,2023-04-17,Sinovac,8861697
Hong Kong,2023-04-18,Sinovac,8862370
Hong Kong,2023-04-19,Sinovac,8863143
Hong Kong,2023-04-20,Sinovac,8863821
Hong Kong,2023-04-21,Sinovac,8864559
Hong Kong,2023-04-22,Sinovac,8864985
Hong Kong,2023-04-23,Sinovac,8865078
Hong Kong,2023-04-24,Sinovac,8865752
Hong Kong,2023-04-25,Sinovac,8866337
Hong Kong,2023-04-26,Sinovac,8866840
Hong Kong,2023-04-27,Sinovac,8867378
Hong Kong,2023-04-28,Sinovac,8867836
Hong Kong,2023-04-29,Sinovac,8868121
Hong Kong,2023-04-30,Sinovac,8868206
Hong Kong,2023-05-01,Sinovac,8868252
Hong Kong,2023-05-02,Sinovac,8868655
Hong Kong,2023-05-03,Sinovac,8869088
Hong Kong,2023-05-04,Sinovac,8869516
Hong Kong,2023-05-05,Sinovac,8869909
Hong Kong,2023-05-06,Sinovac,8870241
Hong Kong,2023-05-07,Sinovac,8870277
Hong Kong,2023-05-08,Sinovac,8870619
Hong Kong,2023-05-09,Sinovac,8870973
Hong Kong,2023-05-10,Sinovac,8871307
Hong Kong,2023-05-11,Sinovac,8871777
Hong Kong,2023-05-12,Sinovac,8872247
Hong Kong,2023-05-13,Sinovac,8872621
Hong Kong,2023-05-14,Sinovac,8872703
Hong Kong,2023-05-15,Sinovac,8873323
Hong Kong,2023-05-16,Sinovac,8873970
Hong Kong,2023-05-17,Sinovac,8874345
Hong Kong,2023-05-18,Sinovac,8874777
Hong Kong,2023-05-19,Sinovac,8875277
Hong Kong,2023-05-20,Sinovac,8875499
Hong Kong,2023-05-22,Sinovac,8876064
Hong Kong,2023-05-23,Sinovac,8876643
Hong Kong,2023-05-24,Sinovac,8877113
Hong Kong,2023-05-25,Sinovac,8877681
Hong Kong,2023-05-26,Sinovac,8877738
Hong Kong,2023-05-27,Sinovac,8878016
Hong Kong,2023-05-28,Sinovac,8878051
Hong Kong,2023-05-29,Sinovac,8878421
Hong Kong,2023-05-30,Sinovac,8878867
Hong Kong,2023-05-31,Sinovac,8879224
Hong Kong,2023-06-01,Sinovac,8879517
Hong Kong,2023-06-02,Sinovac,8879946
Hong Kong,2023-06-03,Sinovac,8880178
Hong Kong,2023-06-05,Sinovac,8880512
Hong Kong,2023-06-06,Sinovac,8880898
Hong Kong,2023-06-07,Sinovac,8881161
Hong Kong,2023-06-08,Sinovac,8881446
Hong Kong,2023-06-09,Sinovac,8881746
Hong Kong,2023-06-10,Sinovac,8881930
Hong Kong,2023-06-12,Sinovac,8882252
Hong Kong,2023-06-13,Sinovac,8882559
Hong Kong,2023-06-14,Sinovac,8882765
Hong Kong,2023-06-15,Sinovac,8883027
Hong Kong,2023-06-16,Sinovac,8883208
Hong Kong,2023-06-17,Sinovac,8883363
Hong Kong,2023-06-18,Sinovac,8883370
Hong Kong,2023-06-19,Sinovac,8883612
Hong Kong,2023-06-20,Sinovac,8883918
Hong Kong,2023-06-21,Sinovac,8884174
Hong Kong,2023-06-23,Sinovac,8884432
Hong Kong,2023-06-24,Sinovac,8884545
Hong Kong,2023-06-26,Sinovac,8884864
Hong Kong,2023-06-28,Sinovac,8885474
Hong Kong,2023-06-29,Sinovac,8885782
Hong Kong,2023-06-30,Sinovac,8886203
Hong Kong,2023-07-03,Sinovac,8886494
Hong Kong,2023-07-05,Sinovac,8886963
Hong Kong,2023-07-06,Sinovac,8887187
Hong Kong,2023-07-07,Sinovac,8887440
Hong Kong,2023-07-08,Sinovac,8887560
Hong Kong,2023-07-10,Sinovac,8887780
Hong Kong,2023-07-11,Sinovac,8888036
Hong Kong,2023-07-12,Sinovac,8888299
Hong Kong,2023-07-13,Sinovac,8888521
Hong Kong,2023-07-14,Sinovac,8888699
Hong Kong,2023-07-15,Sinovac,8888799
Hong Kong,2023-07-19,Sinovac,8889260
Hong Kong,2023-07-20,Sinovac,8889539
Hong Kong,2023-07-21,Sinovac,8889866
Hong Kong,2023-07-22,Sinovac,8889962
Hong Kong,2023-07-24,Sinovac,8890246
Hong Kong,2023-07-25,Sinovac,8890563
Hong Kong,2023-07-26,Sinovac,8890812
Hong Kong,2023-07-27,Sinovac,8890976
Hong Kong,2023-07-28,Sinovac,8891261
Hong Kong,2023-07-31,Sinovac,8891518
Hong Kong,2023-08-01,Sinovac,8891746
Hong Kong,2023-08-02,Sinovac,8891919
Hong Kong,2023-08-03,Sinovac,8892253
Hong Kong,2023-08-04,Sinovac,8892422
Hong Kong,2023-08-05,Sinovac,8892489
Hong Kong,2023-08-08,Sinovac,8892883
Hong Kong,2023-08-10,Sinovac,8893160
Hong Kong,2023-08-11,Sinovac,8893415
Hong Kong,2023-08-12,Sinovac,8893507
Hong Kong,2023-08-16,Sinovac,8894005
Hong Kong,2023-08-19,Sinovac,8894442
Hong Kong,2023-08-21,Sinovac,8894628
Hong Kong,2023-08-22,Sinovac,8894824
Hong Kong,2023-08-23,Sinovac,8895004
Hong Kong,2023-08-24,Sinovac,8895298
Hong Kong,2023-08-25,Sinovac,8895451
Hong Kong,2023-08-26,Sinovac,8895499
Hong Kong,2023-08-28,Sinovac,8895690
Hong Kong,2023-08-29,Sinovac,8895851
Hong Kong,2023-08-30,Sinovac,8895996
Hong Kong,2023-08-31,Sinovac,8896233
Hong Kong,2023-09-05,Sinovac,8896524
Hong Kong,2023-09-11,Sinovac,8897134
Hong Kong,2023-09-12,Sinovac,8897340
Hong Kong,2023-09-16,Sinovac,8897793
Hong Kong,2023-09-18,Sinovac,8897950
Hong Kong,2023-09-28,Sinovac,8899508
Hong Kong,2023-10-07,Sinovac,8901187
Hong Kong,2023-10-17,Sinovac,8904591
Hong Kong,2023-10-19,Sinovac,8905609
Hong Kong,2023-10-20,Sinovac,8906055
Hong Kong,2023-10-27,Sinovac,8909212
Hong Kong,2023-10-28,Sinovac,8909482
Hong Kong,2023-10-30,Sinovac,8910039
Hong Kong,2023-11-01,Sinovac,8910914
Hong Kong,2023-11-03,Sinovac,8911908
Hong Kong,2023-11-04,Sinovac,8912180
Hong Kong,2023-11-06,Sinovac,8912709
Hong Kong,2023-11-08,Sinovac,8913514
Hong Kong,2023-11-10,Sinovac,8914212
Hong Kong,2023-11-11,Sinovac,8914387
Hong Kong,2023-11-16,Sinovac,8915698
Hong Kong,2023-11-18,Sinovac,8916192
Hong Kong,2023-11-21,Sinovac,8916770
Hong Kong,2023-11-25,Sinovac,8917790
Hong Kong,2023-11-30,Sinovac,8918837
Hong Kong,2023-12-01,Sinovac,8919094
Hong Kong,2023-12-02,Sinovac,8919235
Hong Kong,2023-12-04,Sinovac,8919671
Hong Kong,2023-12-09,Sinovac,8921698
Hong Kong,2023-12-12,Sinovac,8922693
Hong Kong,2023-12-15,Sinovac,8924331
Hong Kong,2023-12-16,Sinovac,8924653
Hong Kong,2023-12-18,Sinovac,8925251
Hong Kong,2023-12-19,Sinovac,8925766
Hong Kong,2023-12-21,Sinovac,8926653
Hong Kong,2023-12-23,Sinovac,8927106
Hong Kong,2023-12-27,Sinovac,8927508
Hong Kong,2023-12-28,Sinovac,8928037
Hong Kong,2023-12-30,Sinovac,8928670
Hong Kong,2024-01-02,Sinovac,8929048
Hong Kong,2024-01-08,Sinovac,8932260
Hong Kong,2024-01-09,Sinovac,8932909
Hong Kong,2024-01-13,Sinovac,8935101
Hong Kong,2024-01-15,Sinovac,8935729
Hong Kong,2024-01-17,Sinovac,8936988
Hong Kong,2024-01-18,Sinovac,8937711
Hong Kong,2024-01-19,Sinovac,8938345
Hong Kong,2024-01-20,Sinovac,8938615
Hong Kong,2024-01-24,Sinovac,8940783
Hong Kong,2024-01-25,Sinovac,8941634
Hong Kong,2024-01-26,Sinovac,8942273
Hong Kong,2024-01-27,Sinovac,8942488
Hong Kong,2024-01-29,Sinovac,8943015
Hong Kong,2024-01-30,Sinovac,8943425
Hong Kong,2024-01-31,Sinovac,8944010
Hong Kong,2024-02-01,Sinovac,8944508
Hong Kong,2024-02-02,Sinovac,8945079
Hong Kong,2024-02-03,Sinovac,8945243
Hong Kong,2024-02-06,Sinovac,8945861
Hong Kong,2024-02-08,Sinovac,8946388
Hong Kong,2024-02-19,Sinovac,8947058
Hong Kong,2024-02-21,Sinovac,8947715
Hong Kong,2024-02-22,Sinovac,8948001
Hong Kong,2024-02-23,Sinovac,8948235
Hong Kong,2024-02-26,Sinovac,8948543
Hong Kong,2024-02-29,Sinovac,8949184
Hong Kong,2024-03-04,Sinovac,8949642
Hong Kong,2024-03-06,Sinovac,8950329
Hong Kong,2024-03-07,Sinovac,8950452
Hong Kong,2024-03-08,Sinovac,8950556
Hong Kong,2024-03-14,Sinovac,8951115
Hong Kong,2024-03-16,Sinovac,8951263
Hong Kong,2024-03-22,Sinovac,8952333
Hong Kong,2024-04-05,Sinovac,8953241
Hong Kong,2024-04-08,Sinovac,8953390
Hong Kong,2024-04-09,Sinovac,8953446
Hong Kong,2024-04-11,Sinovac,8953602
Hong Kong,2024-04-12,Sinovac,8953734
Hong Kong,2024-04-17,Sinovac,8954164
Hong Kong,2024-04-22,Sinovac,8954536
Hong Kong,2024-05-10,Sinovac,8955835
