location,date,vaccine,source_url,total_vaccinations,people_vaccinated,people_fully_vaccinated,total_boosters
Portugal,2021-01-01,"Moderna, Pfizer/BioNTech, Sinopharm/Beijing, Sinovac",https://www.ecdc.europa.eu/en/publications-data/data-covid-19-vaccination-eu-eea,5199,5186,6,5
Portugal,2021-01-08,"Johnson&Johnson, Moderna, Oxford/AstraZeneca, Pfizer/BioNTech, Sinopharm/Beijing, Sinovac",https://www.ecdc.europa.eu/en/publications-data/data-covid-19-vaccination-eu-eea,86088,85686,212,47
Portugal,2021-01-15,"Johnson&Johnson, Moderna, Oxford/AstraZeneca, Pfizer/BioNTech, Sinopharm/Beijing, Sinovac",https://www.ecdc.europa.eu/en/publications-data/data-covid-19-vaccination-eu-eea,138100,136372,1458,114
Portugal,2021-01-22,"Johnson&Johnson, Moderna, Oxford/AstraZeneca, Pfizer/BioNTech, Sinopharm/Beijing, Sinovac",https://www.ecdc.europa.eu/en/publications-data/data-covid-19-vaccination-eu-eea,294624,259842,33965,493
Portugal,2021-01-29,"Covaxin, Johnson&Johnson, Moderna, Novavax, Oxford/AstraZeneca, Pfizer/BioNTech, Sinopharm/Beijing, Sinovac",https://www.ecdc.europa.eu/en/publications-data/data-covid-19-vaccination-eu-eea,383964,302937,79330,1255
Portugal,2021-02-05,"Covaxin, Johnson&Johnson, Moderna, Novavax, Oxford/AstraZeneca, Pfizer/BioNTech, Sinopharm/Beijing, Sinovac",https://www.ecdc.europa.eu/en/publications-data/data-covid-19-vaccination-eu-eea,447164,328144,112541,6010
Portugal,2021-02-12,"Covaxin, Johnson&Johnson, Moderna, Novavax, Oxford/AstraZeneca, Pfizer/BioNTech, Sinopharm/Beijing, Sinovac",https://www.ecdc.europa.eu/en/publications-data/data-covid-19-vaccination-eu-eea,589505,370061,197880,20928
Portugal,2021-02-19,"Covaxin, Johnson&Johnson, Moderna, Novavax, Oxford/AstraZeneca, Pfizer/BioNTech, Sinopharm/Beijing, Sinovac",https://www.ecdc.europa.eu/en/publications-data/data-covid-19-vaccination-eu-eea,745949,474668,243856,26468
Portugal,2021-02-26,"Covaxin, Johnson&Johnson, Moderna, Novavax, Oxford/AstraZeneca, Pfizer/BioNTech, Sinopharm/Beijing, Sinovac",https://www.ecdc.europa.eu/en/publications-data/data-covid-19-vaccination-eu-eea,947400,653049,262780,29987
Portugal,2021-03-05,"Covaxin, Johnson&Johnson, Moderna, Novavax, Oxford/AstraZeneca, Pfizer/BioNTech, Sinopharm/Beijing, Sinovac",https://www.ecdc.europa.eu/en/publications-data/data-covid-19-vaccination-eu-eea,1124639,794356,294830,33288
Portugal,2021-03-12,"Covaxin, Johnson&Johnson, Moderna, Novavax, Oxford/AstraZeneca, Pfizer/BioNTech, Sinopharm/Beijing, Sinovac",https://www.ecdc.europa.eu/en/publications-data/data-covid-19-vaccination-eu-eea,1278157,893830,345334,36217
Portugal,2021-03-19,"Covaxin, Johnson&Johnson, Moderna, Novavax, Oxford/AstraZeneca, Pfizer/BioNTech, Sinopharm/Beijing, Sinovac",https://www.ecdc.europa.eu/en/publications-data/data-covid-19-vaccination-eu-eea,1476627,978820,455321,38125
Portugal,2021-03-26,"Covaxin, Johnson&Johnson, Moderna, Novavax, Oxford/AstraZeneca, Pfizer/BioNTech, Sinopharm/Beijing, Sinovac",https://www.ecdc.europa.eu/en/publications-data/data-covid-19-vaccination-eu-eea,1763527,1239791,478013,40314
Portugal,2021-04-02,"Covaxin, Johnson&Johnson, Moderna, Novavax, Oxford/AstraZeneca, Pfizer/BioNTech, Sinopharm/Beijing, Sinovac",https://www.ecdc.europa.eu/en/publications-data/data-covid-19-vaccination-eu-eea,1993626,1380943,563905,42206
Portugal,2021-04-09,"Covaxin, Johnson&Johnson, Moderna, Novavax, Oxford/AstraZeneca, Pfizer/BioNTech, Sinopharm/Beijing, Sinovac",https://www.ecdc.europa.eu/en/publications-data/data-covid-19-vaccination-eu-eea,2312746,1640923,618851,45477
Portugal,2021-04-16,"Covaxin, Johnson&Johnson, Moderna, Novavax, Oxford/AstraZeneca, Pfizer/BioNTech, Sinopharm/Beijing, Sinovac",https://www.ecdc.europa.eu/en/publications-data/data-covid-19-vaccination-eu-eea,2802639,2070145,675163,49010
Portugal,2021-04-23,"Covaxin, Johnson&Johnson, Moderna, Novavax, Oxford/AstraZeneca, Pfizer/BioNTech, Sinopharm/Beijing, Sinovac",https://www.ecdc.europa.eu/en/publications-data/data-covid-19-vaccination-eu-eea,3163135,2284803,816514,51283
Portugal,2021-04-30,"Covaxin, Johnson&Johnson, Moderna, Novavax, Oxford/AstraZeneca, Pfizer/BioNTech, Sinopharm/Beijing, Sinovac",https://www.ecdc.europa.eu/en/publications-data/data-covid-19-vaccination-eu-eea,3610385,2636032,908875,55196
Portugal,2021-05-07,"Covaxin, Johnson&Johnson, Moderna, Novavax, Oxford/AstraZeneca, Pfizer/BioNTech, Sinopharm/Beijing, Sinovac",https://www.ecdc.europa.eu/en/publications-data/data-covid-19-vaccination-eu-eea,4215186,3024317,1131499,59028
Portugal,2021-05-14,"Covaxin, Johnson&Johnson, Moderna, Novavax, Oxford/AstraZeneca, Pfizer/BioNTech, Sinopharm/Beijing, Sinovac",https://www.ecdc.europa.eu/en/publications-data/data-covid-19-vaccination-eu-eea,4822045,3335779,1439857,62384
Portugal,2021-05-21,"Covaxin, Johnson&Johnson, Moderna, Novavax, Oxford/AstraZeneca, Pfizer/BioNTech, Sinopharm/Beijing, Sinovac",https://www.ecdc.europa.eu/en/publications-data/data-covid-19-vaccination-eu-eea,5359124,3670311,1662598,64762
Portugal,2021-05-28,"Covaxin, Johnson&Johnson, Moderna, Novavax, Oxford/AstraZeneca, Pfizer/BioNTech, Sinopharm/Beijing, Sinovac",https://www.ecdc.europa.eu/en/publications-data/data-covid-19-vaccination-eu-eea,5932903,3956750,1995144,66702
Portugal,2021-06-04,"Covaxin, Johnson&Johnson, Moderna, Novavax, Oxford/AstraZeneca, Pfizer/BioNTech, Sinopharm/Beijing, Sinovac",https://www.ecdc.europa.eu/en/publications-data/data-covid-19-vaccination-eu-eea,6514851,4249423,2338008,68123
Portugal,2021-06-11,"Covaxin, Johnson&Johnson, Moderna, Novavax, Oxford/AstraZeneca, Pfizer/BioNTech, Sinopharm/Beijing, Sinovac",https://www.ecdc.europa.eu/en/publications-data/data-covid-19-vaccination-eu-eea,7138496,4644140,2593236,68989
Portugal,2021-06-18,"Covaxin, Johnson&Johnson, Moderna, Novavax, Oxford/AstraZeneca, Pfizer/BioNTech, Sinopharm/Beijing, Sinovac",https://www.ecdc.europa.eu/en/publications-data/data-covid-19-vaccination-eu-eea,7883043,5029458,2986072,69940
Portugal,2021-06-25,"Covaxin, Johnson&Johnson, Moderna, Novavax, Oxford/AstraZeneca, Pfizer/BioNTech, Sinopharm/Beijing, Sinovac",https://www.ecdc.europa.eu/en/publications-data/data-covid-19-vaccination-eu-eea,8617516,5456506,3335294,71405
Portugal,2021-07-02,"Covaxin, Johnson&Johnson, Moderna, Novavax, Oxford/AstraZeneca, Pfizer/BioNTech, Sinopharm/Beijing, Sinovac",https://www.ecdc.europa.eu/en/publications-data/data-covid-19-vaccination-eu-eea,9452074,5877512,3771862,72768
Portugal,2021-07-09,"Covaxin, Johnson&Johnson, Moderna, Novavax, Oxford/AstraZeneca, Pfizer/BioNTech, Sinopharm/Beijing, Sinovac",https://www.ecdc.europa.eu/en/publications-data/data-covid-19-vaccination-eu-eea,10520213,6354592,4398461,74012
Portugal,2021-07-16,"Covaxin, Johnson&Johnson, Moderna, Novavax, Oxford/AstraZeneca, Pfizer/BioNTech, Sinopharm/Beijing, Sinovac",https://www.ecdc.europa.eu/en/publications-data/data-covid-19-vaccination-eu-eea,11297632,6720411,4924794,74860
Portugal,2021-07-23,"Covaxin, Johnson&Johnson, Moderna, Novavax, Oxford/AstraZeneca, Pfizer/BioNTech, Sinopharm/Beijing, Sinovac",https://www.ecdc.europa.eu/en/publications-data/data-covid-19-vaccination-eu-eea,11976132,7001708,5454449,75777
Portugal,2021-07-30,"Covaxin, Johnson&Johnson, Moderna, Novavax, Oxford/AstraZeneca, Pfizer/BioNTech, Sinopharm/Beijing, Sinovac",https://www.ecdc.europa.eu/en/publications-data/data-covid-19-vaccination-eu-eea,12589801,7212940,5958525,76651
Portugal,2021-08-06,"Covaxin, Johnson&Johnson, Moderna, Novavax, Oxford/AstraZeneca, Pfizer/BioNTech, Sinopharm/Beijing, Sinovac",https://www.ecdc.europa.eu/en/publications-data/data-covid-19-vaccination-eu-eea,13236264,7463989,6470514,77365
Portugal,2021-08-13,"Covaxin, Johnson&Johnson, Moderna, Novavax, Oxford/AstraZeneca, Pfizer/BioNTech, Sinopharm/Beijing, Sinovac",https://www.ecdc.europa.eu/en/publications-data/data-covid-19-vaccination-eu-eea,13912854,7926009,6827898,77945
Portugal,2021-08-20,"Covaxin, Johnson&Johnson, Moderna, Novavax, Oxford/AstraZeneca, Pfizer/BioNTech, Sinopharm/Beijing, Sinovac",https://www.ecdc.europa.eu/en/publications-data/data-covid-19-vaccination-eu-eea,14522243,8401547,7070847,78399
Portugal,2021-08-27,"Covaxin, Johnson&Johnson, Moderna, Novavax, Oxford/AstraZeneca, Pfizer/BioNTech, Sinopharm/Beijing, Sinovac",https://www.ecdc.europa.eu/en/publications-data/data-covid-19-vaccination-eu-eea,14962644,8739906,7213959,78831
Portugal,2021-09-03,"Covaxin, Johnson&Johnson, Moderna, Novavax, Oxford/AstraZeneca, Pfizer/BioNTech, Sinopharm/Beijing, Sinovac",https://www.ecdc.europa.eu/en/publications-data/data-covid-19-vaccination-eu-eea,15400338,8888760,7517936,79505
Portugal,2021-09-10,"Covaxin, Johnson&Johnson, Moderna, Novavax, Oxford/AstraZeneca, Pfizer/BioNTech, Sinopharm/Beijing, Sinovac",https://www.ecdc.europa.eu/en/publications-data/data-covid-19-vaccination-eu-eea,15784442,8961668,7832134,80213
Portugal,2021-09-17,"Covaxin, Johnson&Johnson, Moderna, Novavax, Oxford/AstraZeneca, Pfizer/BioNTech, Sinopharm/Beijing, Sinovac",https://www.ecdc.europa.eu/en/publications-data/data-covid-19-vaccination-eu-eea,16094937,9012987,8093270,81152
Portugal,2021-09-24,"Covaxin, Johnson&Johnson, Moderna, Novavax, Oxford/AstraZeneca, Pfizer/BioNTech, Sinopharm/Beijing, Sinovac",https://www.ecdc.europa.eu/en/publications-data/data-covid-19-vaccination-eu-eea,16239055,9051104,8199866,82330
Portugal,2021-10-01,"Covaxin, Johnson&Johnson, Moderna, Novavax, Oxford/AstraZeneca, Pfizer/BioNTech, Sinopharm/Beijing, Sinovac",https://www.ecdc.europa.eu/en/publications-data/data-covid-19-vaccination-eu-eea,16325898,9076540,8261084,83967
Portugal,2021-10-08,"Covaxin, Johnson&Johnson, Moderna, Novavax, Oxford/AstraZeneca, Pfizer/BioNTech, Sinopharm/Beijing, Sinovac",https://www.ecdc.europa.eu/en/publications-data/data-covid-19-vaccination-eu-eea,16389509,9093030,8308269,85849
Portugal,2021-10-15,"Covaxin, Johnson&Johnson, Moderna, Novavax, Oxford/AstraZeneca, Pfizer/BioNTech, Sinopharm/Beijing, Sinovac",https://www.ecdc.europa.eu/en/publications-data/data-covid-19-vaccination-eu-eea,16476943,9111646,8347248,114788
Portugal,2021-10-22,"Covaxin, Johnson&Johnson, Moderna, Novavax, Oxford/AstraZeneca, Pfizer/BioNTech, Sinopharm/Beijing, Sinovac",https://www.ecdc.europa.eu/en/publications-data/data-covid-19-vaccination-eu-eea,16640067,9126030,8377900,230835
Portugal,2021-10-29,"Covaxin, Johnson&Johnson, Moderna, Novavax, Oxford/AstraZeneca, Pfizer/BioNTech, Sinopharm/Beijing, Sinovac",https://www.ecdc.europa.eu/en/publications-data/data-covid-19-vaccination-eu-eea,16791493,9140105,8397041,346810
Portugal,2021-11-05,"Covaxin, Johnson&Johnson, Moderna, Novavax, Oxford/AstraZeneca, Pfizer/BioNTech, Sinopharm/Beijing, Sinovac",https://www.ecdc.europa.eu/en/publications-data/data-covid-19-vaccination-eu-eea,16927812,9150897,8411353,456042
Portugal,2021-11-12,"Covaxin, Johnson&Johnson, Moderna, Novavax, Oxford/AstraZeneca, Pfizer/BioNTech, Sinopharm/Beijing, Sinovac",https://www.ecdc.europa.eu/en/publications-data/data-covid-19-vaccination-eu-eea,17135143,9164909,8427625,629528
Portugal,2021-11-19,"Covaxin, Johnson&Johnson, Moderna, Novavax, Oxford/AstraZeneca, Pfizer/BioNTech, Sinopharm/Beijing, Sinovac",https://www.ecdc.europa.eu/en/publications-data/data-covid-19-vaccination-eu-eea,17423124,9185401,8442258,877655
Portugal,2021-11-26,"Covaxin, Johnson&Johnson, Moderna, Novavax, Oxford/AstraZeneca, Pfizer/BioNTech, Sinopharm/Beijing, Sinovac",https://www.ecdc.europa.eu/en/publications-data/data-covid-19-vaccination-eu-eea,17892484,9206695,8456288,1299347
Portugal,2021-12-03,"Covaxin, Johnson&Johnson, Moderna, Novavax, Oxford/AstraZeneca, Pfizer/BioNTech, Sinopharm/Beijing, Sinovac",https://www.ecdc.europa.eu/en/publications-data/data-covid-19-vaccination-eu-eea,18395674,9234860,8472057,1746826
Portugal,2021-12-10,"Covaxin, Johnson&Johnson, Moderna, Novavax, Oxford/AstraZeneca, Pfizer/BioNTech, Sinopharm/Beijing, Sinovac",https://www.ecdc.europa.eu/en/publications-data/data-covid-19-vaccination-eu-eea,18910859,9259220,8490964,2210024
Portugal,2021-12-17,"Covaxin, Johnson&Johnson, Moderna, Novavax, Oxford/AstraZeneca, Pfizer/BioNTech, Sinopharm/Beijing, Sinovac",https://www.ecdc.europa.eu/en/publications-data/data-covid-19-vaccination-eu-eea,19330538,9369453,8505222,2498840
Portugal,2021-12-24,"Covaxin, Johnson&Johnson, Moderna, Novavax, Oxford/AstraZeneca, Pfizer/BioNTech, Sinopharm/Beijing, Sinovac",https://www.ecdc.europa.eu/en/publications-data/data-covid-19-vaccination-eu-eea,19614695,9383306,8520463,2750143
Portugal,2021-12-31,"Covaxin, Johnson&Johnson, Moderna, Novavax, Oxford/AstraZeneca, Pfizer/BioNTech, Sinopharm/Beijing, Sinovac",https://www.ecdc.europa.eu/en/publications-data/data-covid-19-vaccination-eu-eea,20043506,9397561,8540366,3140672
Portugal,2022-01-07,"Covaxin, Johnson&Johnson, Moderna, Novavax, Oxford/AstraZeneca, Pfizer/BioNTech, Sinopharm/Beijing, Sinovac",https://www.ecdc.europa.eu/en/publications-data/data-covid-19-vaccination-eu-eea,20682339,9616044,8553261,3545313
Portugal,2022-01-14,"Covaxin, Johnson&Johnson, Moderna, Novavax, Oxford/AstraZeneca, Pfizer/BioNTech, Sinopharm/Beijing, Sinovac",https://www.ecdc.europa.eu/en/publications-data/data-covid-19-vaccination-eu-eea,21276674,9638836,8570710,4095848
Portugal,2022-01-21,"Covaxin, Johnson&Johnson, Moderna, Novavax, Oxford/AstraZeneca, Pfizer/BioNTech, Sinopharm/Beijing, Sinovac",https://www.ecdc.europa.eu/en/publications-data/data-covid-19-vaccination-eu-eea,21885027,9655246,8582510,4673490
Portugal,2022-01-28,"Covaxin, Johnson&Johnson, Moderna, Novavax, Oxford/AstraZeneca, Pfizer/BioNTech, Sinopharm/Beijing, Sinovac",https://www.ecdc.europa.eu/en/publications-data/data-covid-19-vaccination-eu-eea,22440832,9666618,8592883,5205762
Portugal,2022-02-04,"Covaxin, Johnson&Johnson, Moderna, Novavax, Oxford/AstraZeneca, Pfizer/BioNTech, Sinopharm/Beijing, Sinovac",https://www.ecdc.europa.eu/en/publications-data/data-covid-19-vaccination-eu-eea,22959187,9701516,8655338,5625318
Portugal,2022-02-11,"Covaxin, Johnson&Johnson, Moderna, Novavax, Oxford/AstraZeneca, Pfizer/BioNTech, Sinopharm/Beijing, Sinovac",https://www.ecdc.europa.eu/en/publications-data/data-covid-19-vaccination-eu-eea,23340998,9709568,8666095,5987092
Portugal,2022-02-18,"Covaxin, Johnson&Johnson, Moderna, Novavax, Oxford/AstraZeneca, Pfizer/BioNTech, Sinopharm/Beijing, Sinovac",https://www.ecdc.europa.eu/en/publications-data/data-covid-19-vaccination-eu-eea,23529021,9716514,8676577,6156857
Portugal,2022-02-25,"Covaxin, Johnson&Johnson, Moderna, Novavax, Oxford/AstraZeneca, Pfizer/BioNTech, Sinopharm/Beijing, Sinovac",https://www.ecdc.europa.eu/en/publications-data/data-covid-19-vaccination-eu-eea,23700443,9723204,8776397,6221220
Portugal,2022-03-04,"Covaxin, Johnson&Johnson, Moderna, Novavax, Oxford/AstraZeneca, Pfizer/BioNTech, Sinopharm/Beijing, Sinovac",https://www.ecdc.europa.eu/en/publications-data/data-covid-19-vaccination-eu-eea,23746072,9725521,8782817,6257734
Portugal,2022-03-11,"Covaxin, Johnson&Johnson, Moderna, Novavax, Oxford/AstraZeneca, Pfizer/BioNTech, Sinopharm/Beijing, Sinovac",https://www.ecdc.europa.eu/en/publications-data/data-covid-19-vaccination-eu-eea,23792647,9728891,8792749,6290611
Portugal,2022-03-18,"Covaxin, Johnson&Johnson, Moderna, Novavax, Oxford/AstraZeneca, Pfizer/BioNTech, Sinopharm/Beijing, Sinovac",https://www.ecdc.europa.eu/en/publications-data/data-covid-19-vaccination-eu-eea,23830961,9731438,8797263,6321447
Portugal,2022-03-25,"Covaxin, Johnson&Johnson, Moderna, Novavax, Oxford/AstraZeneca, Pfizer/BioNTech, Sinopharm/Beijing, Sinovac",https://www.ecdc.europa.eu/en/publications-data/data-covid-19-vaccination-eu-eea,23870346,9734776,8807620,6346738
Portugal,2022-04-01,"Covaxin, Johnson&Johnson, Moderna, Novavax, Oxford/AstraZeneca, Pfizer/BioNTech, Sinopharm/Beijing, Sinovac",https://www.ecdc.europa.eu/en/publications-data/data-covid-19-vaccination-eu-eea,23906912,9737768,8816675,6370761
Portugal,2022-04-08,"Covaxin, Johnson&Johnson, Moderna, Novavax, Oxford/AstraZeneca, Pfizer/BioNTech, Sinopharm/Beijing, Sinovac",https://www.ecdc.europa.eu/en/publications-data/data-covid-19-vaccination-eu-eea,23935928,9740161,8820783,6392733
Portugal,2022-04-15,"Covaxin, Johnson&Johnson, Moderna, Novavax, Oxford/AstraZeneca, Pfizer/BioNTech, Sinopharm/Beijing, Sinovac",https://www.ecdc.europa.eu/en/publications-data/data-covid-19-vaccination-eu-eea,23952606,9741445,8822521,6405859
Portugal,2022-04-22,"Covaxin, Johnson&Johnson, Moderna, Novavax, Oxford/AstraZeneca, Pfizer/BioNTech, Sinopharm/Beijing, Sinovac",https://www.ecdc.europa.eu/en/publications-data/data-covid-19-vaccination-eu-eea,23986956,9744495,8828596,6430521
Portugal,2022-04-29,"Covaxin, Johnson&Johnson, Moderna, Novavax, Oxford/AstraZeneca, Pfizer/BioNTech, Sinopharm/Beijing, Sinovac",https://www.ecdc.europa.eu/en/publications-data/data-covid-19-vaccination-eu-eea,24016353,9747249,8835049,6450147
Portugal,2022-05-06,"Covaxin, Johnson&Johnson, Moderna, Novavax, Oxford/AstraZeneca, Pfizer/BioNTech, Sinopharm/Beijing, Sinovac",https://www.ecdc.europa.eu/en/publications-data/data-covid-19-vaccination-eu-eea,24046871,9749793,8841183,6471430
Portugal,2022-05-13,"Covaxin, Johnson&Johnson, Moderna, Novavax, Oxford/AstraZeneca, Pfizer/BioNTech, Sinopharm/Beijing, Sinovac",https://www.ecdc.europa.eu/en/publications-data/data-covid-19-vaccination-eu-eea,24078024,9752527,8847388,6493007
Portugal,2022-05-20,"Covaxin, Johnson&Johnson, Moderna, Novavax, Oxford/AstraZeneca, Pfizer/BioNTech, Sinopharm/Beijing, Sinovac",https://www.ecdc.europa.eu/en/publications-data/data-covid-19-vaccination-eu-eea,24159222,9755312,8853007,6516416
Portugal,2022-05-27,"Covaxin, Johnson&Johnson, Moderna, Novavax, Oxford/AstraZeneca, Pfizer/BioNTech, Sinopharm/Beijing, Sinovac",https://www.ecdc.europa.eu/en/publications-data/data-covid-19-vaccination-eu-eea,24287344,9758127,8858498,6545537
Portugal,2022-06-03,"Covaxin, Johnson&Johnson, Moderna, Novavax, Oxford/AstraZeneca, Pfizer/BioNTech, Sinopharm/Beijing, Sinovac",https://www.ecdc.europa.eu/en/publications-data/data-covid-19-vaccination-eu-eea,24450976,9760198,8862131,6605568
Portugal,2022-06-10,"Covaxin, Johnson&Johnson, Moderna, Novavax, Oxford/AstraZeneca, Pfizer/BioNTech, Sinopharm/Beijing, Sinovac",https://www.ecdc.europa.eu/en/publications-data/data-covid-19-vaccination-eu-eea,24590159,9761996,8865176,6660180
Portugal,2022-06-17,"Covaxin, Johnson&Johnson, Moderna, Novavax, Oxford/AstraZeneca, Pfizer/BioNTech, Sinopharm/Beijing, Sinovac",https://www.ecdc.europa.eu/en/publications-data/data-covid-19-vaccination-eu-eea,24700583,9763829,8868251,6713709
Portugal,2022-06-24,"Covaxin, Johnson&Johnson, Moderna, Novavax, Oxford/AstraZeneca, Pfizer/BioNTech, Sinopharm/Beijing, Sinovac",https://www.ecdc.europa.eu/en/publications-data/data-covid-19-vaccination-eu-eea,24787777,9765998,8872479,6768097
Portugal,2022-07-01,"Covaxin, Johnson&Johnson, Moderna, Novavax, Oxford/AstraZeneca, Pfizer/BioNTech, Sinopharm/Beijing, Sinovac",https://www.ecdc.europa.eu/en/publications-data/data-covid-19-vaccination-eu-eea,24851510,9767833,8875546,6809549
Portugal,2022-07-08,"Covaxin, Johnson&Johnson, Moderna, Novavax, Oxford/AstraZeneca, Pfizer/BioNTech, Sinopharm/Beijing, Sinovac",https://www.ecdc.europa.eu/en/publications-data/data-covid-19-vaccination-eu-eea,24893648,9769653,8878151,6837283
Portugal,2022-07-15,"Covaxin, Johnson&Johnson, Moderna, Novavax, Oxford/AstraZeneca, Pfizer/BioNTech, Sinopharm/Beijing, Sinovac",https://www.ecdc.europa.eu/en/publications-data/data-covid-19-vaccination-eu-eea,24925455,9771056,8880446,6857048
Portugal,2022-07-22,"Covaxin, Johnson&Johnson, Moderna, Novavax, Oxford/AstraZeneca, Pfizer/BioNTech, Sinopharm/Beijing, Sinovac",https://www.ecdc.europa.eu/en/publications-data/data-covid-19-vaccination-eu-eea,24953709,9772547,8882504,6871786
Portugal,2022-07-29,"Covaxin, Johnson&Johnson, Moderna, Novavax, Oxford/AstraZeneca, Pfizer/BioNTech, Sinopharm/Beijing, Sinovac",https://www.ecdc.europa.eu/en/publications-data/data-covid-19-vaccination-eu-eea,24979198,9773878,8884500,6884297
Portugal,2022-08-05,"Covaxin, Johnson&Johnson, Moderna, Novavax, Oxford/AstraZeneca, Pfizer/BioNTech, Sinopharm/Beijing, Sinovac",https://www.ecdc.europa.eu/en/publications-data/data-covid-19-vaccination-eu-eea,24995812,9774928,8886096,6894405
Portugal,2022-08-12,"Covaxin, Johnson&Johnson, Moderna, Novavax, Oxford/AstraZeneca, Pfizer/BioNTech, Sinopharm/Beijing, Sinovac",https://www.ecdc.europa.eu/en/publications-data/data-covid-19-vaccination-eu-eea,25010501,9775786,8887575,6903338
Portugal,2022-08-19,"Covaxin, Johnson&Johnson, Moderna, Novavax, Oxford/AstraZeneca, Pfizer/BioNTech, Sinopharm/Beijing, Sinovac",https://www.ecdc.europa.eu/en/publications-data/data-covid-19-vaccination-eu-eea,25022520,9776642,8888899,6910670
Portugal,2022-08-26,"Covaxin, Johnson&Johnson, Moderna, Novavax, Oxford/AstraZeneca, Pfizer/BioNTech, Sinopharm/Beijing, Sinovac",https://www.ecdc.europa.eu/en/publications-data/data-covid-19-vaccination-eu-eea,25035565,9777788,8890622,6918119
Portugal,2022-09-02,"Covaxin, Johnson&Johnson, Moderna, Novavax, Oxford/AstraZeneca, Pfizer/BioNTech, Sinopharm/Beijing, Sinovac",https://www.ecdc.europa.eu/en/publications-data/data-covid-19-vaccination-eu-eea,25046557,9778737,8892293,6924462
Portugal,2022-09-09,"Covaxin, Johnson&Johnson, Moderna, Novavax, Oxford/AstraZeneca, Pfizer/BioNTech, Sinopharm/Beijing, Sinovac",https://www.ecdc.europa.eu/en/publications-data/data-covid-19-vaccination-eu-eea,25115445,9779670,8893639,6930442
Portugal,2022-09-16,"Covaxin, Johnson&Johnson, Moderna, Novavax, Oxford/AstraZeneca, Pfizer/BioNTech, Sinopharm/Beijing, Sinovac",https://www.ecdc.europa.eu/en/publications-data/data-covid-19-vaccination-eu-eea,25283244,9780347,8894628,6936406
Portugal,2022-09-23,"Covaxin, Johnson&Johnson, Moderna, Novavax, Oxford/AstraZeneca, Pfizer/BioNTech, Sinopharm/Beijing, Sinovac",https://www.ecdc.europa.eu/en/publications-data/data-covid-19-vaccination-eu-eea,25493632,9781036,8895559,6943701
Portugal,2022-09-30,"Covaxin, Johnson&Johnson, Moderna, Novavax, Oxford/AstraZeneca, Pfizer/BioNTech, Sinopharm/Beijing, Sinovac",https://www.ecdc.europa.eu/en/publications-data/data-covid-19-vaccination-eu-eea,25723947,9781633,8896503,6951453
Portugal,2022-10-07,"Covaxin, Johnson&Johnson, Moderna, Novavax, Oxford/AstraZeneca, Pfizer/BioNTech, Sinopharm/Beijing, Sinovac",https://www.ecdc.europa.eu/en/publications-data/data-covid-19-vaccination-eu-eea,25950153,9782193,8897345,6958068
Portugal,2022-10-14,"Covaxin, Johnson&Johnson, Moderna, Novavax, Oxford/AstraZeneca, Pfizer/BioNTech, Sinopharm/Beijing, Sinovac",https://www.ecdc.europa.eu/en/publications-data/data-covid-19-vaccination-eu-eea,26205271,9782807,8898160,6965143
Portugal,2022-10-21,"Covaxin, Johnson&Johnson, Moderna, Novavax, Oxford/AstraZeneca, Pfizer/BioNTech, Sinopharm/Beijing, Sinovac",https://www.ecdc.europa.eu/en/publications-data/data-covid-19-vaccination-eu-eea,26463231,9783585,8899071,6972546
Portugal,2022-10-28,"Covaxin, Johnson&Johnson, Moderna, Novavax, Oxford/AstraZeneca, Pfizer/BioNTech, Sinopharm/Beijing, Sinovac",https://www.ecdc.europa.eu/en/publications-data/data-covid-19-vaccination-eu-eea,26694349,9784516,8900244,6979546
Portugal,2022-11-04,"Covaxin, Johnson&Johnson, Moderna, Novavax, Oxford/AstraZeneca, Pfizer/BioNTech, Sinopharm/Beijing, Sinovac",https://www.ecdc.europa.eu/en/publications-data/data-covid-19-vaccination-eu-eea,26888053,9784932,8900725,6987294
Portugal,2022-11-11,"Covaxin, Johnson&Johnson, Moderna, Novavax, Oxford/AstraZeneca, Pfizer/BioNTech, Sinopharm/Beijing, Sinovac",https://www.ecdc.europa.eu/en/publications-data/data-covid-19-vaccination-eu-eea,27088881,9785532,8901387,6996190
Portugal,2022-11-18,"Covaxin, Johnson&Johnson, Moderna, Novavax, Oxford/AstraZeneca, Pfizer/BioNTech, Sinopharm/Beijing, Sinovac",https://www.ecdc.europa.eu/en/publications-data/data-covid-19-vaccination-eu-eea,27257474,9786059,8901950,7003425
Portugal,2022-11-25,"Covaxin, Johnson&Johnson, Moderna, Novavax, Oxford/AstraZeneca, Pfizer/BioNTech, Sinopharm/Beijing, Sinovac",https://www.ecdc.europa.eu/en/publications-data/data-covid-19-vaccination-eu-eea,27458726,9786597,8902641,7011172
Portugal,2022-12-02,"Covaxin, Johnson&Johnson, Moderna, Novavax, Oxford/AstraZeneca, Pfizer/BioNTech, Sinopharm/Beijing, Sinovac",https://www.ecdc.europa.eu/en/publications-data/data-covid-19-vaccination-eu-eea,27676707,9787031,8903158,7019032
Portugal,2022-12-09,"Covaxin, Johnson&Johnson, Moderna, Novavax, Oxford/AstraZeneca, Pfizer/BioNTech, Sinopharm/Beijing, Sinovac",https://www.ecdc.europa.eu/en/publications-data/data-covid-19-vaccination-eu-eea,27863212,9787473,8903609,7026957
Portugal,2022-12-16,"Covaxin, Johnson&Johnson, Moderna, Novavax, Oxford/AstraZeneca, Pfizer/BioNTech, Sinopharm/Beijing, Sinovac",https://www.ecdc.europa.eu/en/publications-data/data-covid-19-vaccination-eu-eea,27993828,9787962,8904220,7033767
Portugal,2022-12-23,"Covaxin, Johnson&Johnson, Moderna, Novavax, Oxford/AstraZeneca, Pfizer/BioNTech, Sinopharm/Beijing, Sinovac",https://www.ecdc.europa.eu/en/publications-data/data-covid-19-vaccination-eu-eea,28026624,9788229,8904539,7036218
Portugal,2022-12-30,"Covaxin, Johnson&Johnson, Moderna, Novavax, Oxford/AstraZeneca, Pfizer/BioNTech, Sinopharm/Beijing, Sinovac",https://www.ecdc.europa.eu/en/publications-data/data-covid-19-vaccination-eu-eea,28058542,9788424,8904796,7038928
Portugal,2023-01-06,"Covaxin, Johnson&Johnson, Moderna, Novavax, Oxford/AstraZeneca, Pfizer/BioNTech, Sinopharm/Beijing, Sinovac",https://www.ecdc.europa.eu/en/publications-data/data-covid-19-vaccination-eu-eea,28081596,9788655,8905050,7040967
Portugal,2023-01-13,"Covaxin, Johnson&Johnson, Moderna, Novavax, Oxford/AstraZeneca, Pfizer/BioNTech, Sinopharm/Beijing, Sinovac",https://www.ecdc.europa.eu/en/publications-data/data-covid-19-vaccination-eu-eea,28103944,9789023,8905394,7043237
Portugal,2023-01-20,"Covaxin, Johnson&Johnson, Moderna, Novavax, Oxford/AstraZeneca, Pfizer/BioNTech, Sanofi/GSK, Sinopharm/Beijing, Sinovac",https://www.ecdc.europa.eu/en/publications-data/data-covid-19-vaccination-eu-eea,28125456,9789351,8905766,7045258
Portugal,2023-01-27,"Covaxin, Johnson&Johnson, Moderna, Novavax, Oxford/AstraZeneca, Pfizer/BioNTech, Sanofi/GSK, Sinopharm/Beijing, Sinovac",https://www.ecdc.europa.eu/en/publications-data/data-covid-19-vaccination-eu-eea,28147849,9789692,8906224,7047064
Portugal,2023-02-03,"Covaxin, Johnson&Johnson, Moderna, Novavax, Oxford/AstraZeneca, Pfizer/BioNTech, Sanofi/GSK, Sinopharm/Beijing, Sinovac",https://www.ecdc.europa.eu/en/publications-data/data-covid-19-vaccination-eu-eea,28169209,9790025,8906681,7048702
Portugal,2023-02-10,"Covaxin, Johnson&Johnson, Moderna, Novavax, Oxford/AstraZeneca, Pfizer/BioNTech, Sanofi/GSK, Sinopharm/Beijing, Sinovac",https://www.ecdc.europa.eu/en/publications-data/data-covid-19-vaccination-eu-eea,28185781,9790270,8906993,7050069
Portugal,2023-02-17,"Covaxin, Johnson&Johnson, Moderna, Novavax, Oxford/AstraZeneca, Pfizer/BioNTech, Sanofi/GSK, Sinopharm/Beijing, Sinovac",https://www.ecdc.europa.eu/en/publications-data/data-covid-19-vaccination-eu-eea,28198590,9790580,8907333,7051165
Portugal,2023-02-24,"Covaxin, Johnson&Johnson, Moderna, Novavax, Oxford/AstraZeneca, Pfizer/BioNTech, Sanofi/GSK, Sinopharm/Beijing, Sinovac",https://www.ecdc.europa.eu/en/publications-data/data-covid-19-vaccination-eu-eea,28205691,9790783,8907549,7051935
Portugal,2023-03-03,"Covaxin, Johnson&Johnson, Moderna, Novavax, Oxford/AstraZeneca, Pfizer/BioNTech, Sanofi/GSK, Sinopharm/Beijing, Sinovac",https://www.ecdc.europa.eu/en/publications-data/data-covid-19-vaccination-eu-eea,28213885,9791016,8907792,7052730
Portugal,2023-03-10,"Covaxin, Johnson&Johnson, Moderna, Novavax, Oxford/AstraZeneca, Pfizer/BioNTech, Sanofi/GSK, Sinopharm/Beijing, Sinovac",https://www.ecdc.europa.eu/en/publications-data/data-covid-19-vaccination-eu-eea,28219784,9791156,8907956,7053318
Portugal,2023-03-17,"Covaxin, Johnson&Johnson, Moderna, Novavax, Oxford/AstraZeneca, Pfizer/BioNTech, Sanofi/GSK, Sinopharm/Beijing, Sinovac",https://www.ecdc.europa.eu/en/publications-data/data-covid-19-vaccination-eu-eea,28225044,9791309,8908152,7053862
Portugal,2023-03-24,"Covaxin, Johnson&Johnson, Moderna, Novavax, Oxford/AstraZeneca, Pfizer/BioNTech, Sanofi/GSK, Sinopharm/Beijing, Sinovac",https://www.ecdc.europa.eu/en/publications-data/data-covid-19-vaccination-eu-eea,28229485,9791434,8908305,7054363
Portugal,2023-03-31,"Covaxin, Johnson&Johnson, Moderna, Novavax, Oxford/AstraZeneca, Pfizer/BioNTech, Sanofi/GSK, Sinopharm/Beijing, Sinovac",https://www.ecdc.europa.eu/en/publications-data/data-covid-19-vaccination-eu-eea,28232794,9791548,8908458,7054772
Portugal,2023-04-07,"Covaxin, Johnson&Johnson, Moderna, Novavax, Oxford/AstraZeneca, Pfizer/BioNTech, Sanofi/GSK, Sinopharm/Beijing, Sinovac",https://www.ecdc.europa.eu/en/publications-data/data-covid-19-vaccination-eu-eea,28234206,9791623,8908565,7054998
Portugal,2023-04-14,"Covaxin, Johnson&Johnson, Moderna, Novavax, Oxford/AstraZeneca, Pfizer/BioNTech, Sanofi/GSK, Sinopharm/Beijing, Sinovac",https://www.ecdc.europa.eu/en/publications-data/data-covid-19-vaccination-eu-eea,28236254,9791769,8908714,7055356
Portugal,2023-04-21,"Covaxin, Johnson&Johnson, Moderna, Novavax, Oxford/AstraZeneca, Pfizer/BioNTech, Sanofi/GSK, Sinopharm/Beijing, Sinovac",https://www.ecdc.europa.eu/en/publications-data/data-covid-19-vaccination-eu-eea,28237921,9791867,8908841,7055625
Portugal,2023-04-28,"Covaxin, Johnson&Johnson, Moderna, Novavax, Oxford/AstraZeneca, Pfizer/BioNTech, Sanofi/GSK, Sinopharm/Beijing, Sinovac",https://www.ecdc.europa.eu/en/publications-data/data-covid-19-vaccination-eu-eea,28239147,9791963,8908969,7055807
Portugal,2023-05-05,"Covaxin, Johnson&Johnson, Moderna, Novavax, Oxford/AstraZeneca, Pfizer/BioNTech, Sanofi/GSK, Sinopharm/Beijing, Sinovac",https://www.ecdc.europa.eu/en/publications-data/data-covid-19-vaccination-eu-eea,28240289,9791995,8909024,7056024
Portugal,2023-05-12,"Covaxin, Johnson&Johnson, Moderna, Novavax, Oxford/AstraZeneca, Pfizer/BioNTech, Sanofi/GSK, Sinopharm/Beijing, Sinovac",https://www.ecdc.europa.eu/en/publications-data/data-covid-19-vaccination-eu-eea,28241421,9792087,8909103,7056193
Portugal,2023-05-19,"Covaxin, Johnson&Johnson, Moderna, Novavax, Oxford/AstraZeneca, Pfizer/BioNTech, Sanofi/GSK, Sinopharm/Beijing, Sinovac",https://www.ecdc.europa.eu/en/publications-data/data-covid-19-vaccination-eu-eea,28242365,9792142,8909175,7056348
Portugal,2023-05-26,"Covaxin, Johnson&Johnson, Moderna, Novavax, Oxford/AstraZeneca, Pfizer/BioNTech, Sanofi/GSK, Sinopharm/Beijing, Sinovac",https://www.ecdc.europa.eu/en/publications-data/data-covid-19-vaccination-eu-eea,28243279,9792202,8909255,7056488
Portugal,2023-06-02,"Covaxin, Johnson&Johnson, Moderna, Novavax, Oxford/AstraZeneca, Pfizer/BioNTech, Sanofi/GSK, Sinopharm/Beijing, Sinovac",https://www.ecdc.europa.eu/en/publications-data/data-covid-19-vaccination-eu-eea,28244030,9792233,8909316,7056621
Portugal,2023-06-09,"Covaxin, Johnson&Johnson, Moderna, Novavax, Oxford/AstraZeneca, Pfizer/BioNTech, Sanofi/GSK, Sinopharm/Beijing, Sinovac",https://www.ecdc.europa.eu/en/publications-data/data-covid-19-vaccination-eu-eea,28244402,9792258,8909346,7056685
Portugal,2023-06-16,"Covaxin, Johnson&Johnson, Moderna, Novavax, Oxford/AstraZeneca, Pfizer/BioNTech, Sanofi/GSK, Sinopharm/Beijing, Sinovac",https://www.ecdc.europa.eu/en/publications-data/data-covid-19-vaccination-eu-eea,28244942,9792299,8909383,7056794
Portugal,2023-06-23,"Covaxin, Johnson&Johnson, Moderna, Novavax, Oxford/AstraZeneca, Pfizer/BioNTech, Sanofi/GSK, Sinopharm/Beijing, Sinovac",https://www.ecdc.europa.eu/en/publications-data/data-covid-19-vaccination-eu-eea,28245356,9792348,8909417,7056881
Portugal,2023-06-30,"Covaxin, Johnson&Johnson, Moderna, Novavax, Oxford/AstraZeneca, Pfizer/BioNTech, Sanofi/GSK, Sinopharm/Beijing, Sinovac",https://www.ecdc.europa.eu/en/publications-data/data-covid-19-vaccination-eu-eea,28245679,9792384,8909467,7056951
Portugal,2023-07-07,"Covaxin, Johnson&Johnson, Moderna, Novavax, Oxford/AstraZeneca, Pfizer/BioNTech, Sanofi/GSK, Sinopharm/Beijing, Sinovac",https://www.ecdc.europa.eu/en/publications-data/data-covid-19-vaccination-eu-eea,28245957,9792424,8909505,7057006
Portugal,2023-07-14,"Covaxin, Johnson&Johnson, Moderna, Novavax, Oxford/AstraZeneca, Pfizer/BioNTech, Sanofi/GSK, Sinopharm/Beijing, Sinovac",https://www.ecdc.europa.eu/en/publications-data/data-covid-19-vaccination-eu-eea,28246282,9792449,8909532,7057081
Portugal,2023-07-21,"Covaxin, Johnson&Johnson, Moderna, Novavax, Oxford/AstraZeneca, Pfizer/BioNTech, Sanofi/GSK, Sinopharm/Beijing, Sinovac",https://www.ecdc.europa.eu/en/publications-data/data-covid-19-vaccination-eu-eea,28246527,9792482,8909553,7057138
Portugal,2023-07-28,"Covaxin, Johnson&Johnson, Moderna, Novavax, Oxford/AstraZeneca, Pfizer/BioNTech, Sanofi/GSK, Sinopharm/Beijing, Sinovac",https://www.ecdc.europa.eu/en/publications-data/data-covid-19-vaccination-eu-eea,28246788,9792507,8909581,7057204
Portugal,2023-08-04,"Covaxin, Johnson&Johnson, Moderna, Novavax, Oxford/AstraZeneca, Pfizer/BioNTech, Sanofi/GSK, Sinopharm/Beijing, Sinovac",https://www.ecdc.europa.eu/en/publications-data/data-covid-19-vaccination-eu-eea,28246942,9792526,8909600,7057237
Portugal,2023-08-11,"Covaxin, Johnson&Johnson, Moderna, Novavax, Oxford/AstraZeneca, Pfizer/BioNTech, Sanofi/GSK, Sinopharm/Beijing, Sinovac",https://www.ecdc.europa.eu/en/publications-data/data-covid-19-vaccination-eu-eea,28247099,9792535,8909623,7057279
Portugal,2023-08-18,"Covaxin, Johnson&Johnson, Moderna, Novavax, Oxford/AstraZeneca, Pfizer/BioNTech, Sanofi/GSK, Sinopharm/Beijing, Sinovac",https://www.ecdc.europa.eu/en/publications-data/data-covid-19-vaccination-eu-eea,28247297,9792559,8909635,7057321
Portugal,2023-08-25,"Covaxin, Johnson&Johnson, Moderna, Novavax, Oxford/AstraZeneca, Pfizer/BioNTech, Sanofi/GSK, Sinopharm/Beijing, Sinovac",https://www.ecdc.europa.eu/en/publications-data/data-covid-19-vaccination-eu-eea,28247623,9792633,8909661,7057377
Portugal,2023-09-01,"Covaxin, Johnson&Johnson, Moderna, Novavax, Oxford/AstraZeneca, Pfizer/BioNTech, Sanofi/GSK, Sinopharm/Beijing, Sinovac",https://www.ecdc.europa.eu/en/publications-data/data-covid-19-vaccination-eu-eea,28247889,9792665,8909683,7057434
Portugal,2023-09-08,"Covaxin, Johnson&Johnson, Moderna, Novavax, Oxford/AstraZeneca, Pfizer/BioNTech, Sanofi/GSK, Sinopharm/Beijing, Sinovac",https://www.ecdc.europa.eu/en/publications-data/data-covid-19-vaccination-eu-eea,28248018,9792683,8909689,7057448
Portugal,2023-09-15,"Covaxin, Johnson&Johnson, Moderna, Novavax, Oxford/AstraZeneca, Pfizer/BioNTech, Sanofi/GSK, Sinopharm/Beijing, Sinovac",https://www.ecdc.europa.eu/en/publications-data/data-covid-19-vaccination-eu-eea,28248227,9792698,8909705,7057477
Portugal,2023-09-22,"Covaxin, Johnson&Johnson, Moderna, Novavax, Oxford/AstraZeneca, Pfizer/BioNTech, Sanofi/GSK, Sinopharm/Beijing, Sinovac",https://www.ecdc.europa.eu/en/publications-data/data-covid-19-vaccination-eu-eea,28248401,9792718,8909730,7057523
Portugal,2023-09-29,"Covaxin, Johnson&Johnson, Moderna, Novavax, Oxford/AstraZeneca, Pfizer/BioNTech, Sanofi/GSK, Sinopharm/Beijing, Sinovac",https://www.ecdc.europa.eu/en/publications-data/data-covid-19-vaccination-eu-eea,28314797,9821414,8909769,7086326
